asset,context,state,group,button,label,x1,y1,x2,y2,up,down,left,right,command,targets
VMGM_VOB06_CELL01,VMGM_LU1_PGC3,1,1,1,Continue,144,282,333,413,2,2,2,2,LinkTailPGC (button 1),VMGM_LU1_PGC3:TailPGC
VMGM_VOB06_CELL01,VMGM_LU1_PGC3,1,1,2,Alternative parental branch,420,278,603,413,1,1,1,1,LinkPGN 2,VMGM_VOB07_CELL01
VTS01_VOB33_CELL01,VTS01_LU1_PGC1,1,1,1,Play,354,290,512,341,4,2,4,2,LinkPGCN 11,VTS01_LU1_PGC11
VTS01_VOB33_CELL01,VTS01_LU1_PGC1,1,1,2,Scene selection,243,314,339,370,1,3,1,3,Set highlighted button 1; LinkPGCN 6,VTS01_LU1_PGC6
VTS01_VOB33_CELL01,VTS01_LU1_PGC1,1,1,3,Bonus features,392,378,529,415,2,4,2,5,GPRM4 = 1; LinkPGCN 7,VTS01_LU1_PGC7
VTS01_VOB33_CELL01,VTS01_LU1_PGC1,1,1,4,Set up,252,390,382,445,3,1,3,1,Set highlighted button 1; LinkPGCN 2,VTS01_LU1_PGC2
VTS01_VOB33_CELL01,VTS01_LU1_PGC1,1,1,5,Character selection,89,341,219,436,2,4,3,3,LinkPGCN 12,VTS01_LU1_PGC12
VTS01_VOB33_CELL01,VTS01_LU1_PGC1,1,2,1,Play,348,290,506,341,4,2,4,2,LinkPGCN 11,VTS01_LU1_PGC11
VTS01_VOB33_CELL01,VTS01_LU1_PGC1,1,2,2,Scene selection,243,314,339,370,1,3,1,3,Set highlighted button 1; LinkPGCN 6,VTS01_LU1_PGC6
VTS01_VOB33_CELL01,VTS01_LU1_PGC1,1,2,3,Bonus features,392,378,529,415,2,4,2,5,GPRM4 = 1; LinkPGCN 7,VTS01_LU1_PGC7
VTS01_VOB33_CELL01,VTS01_LU1_PGC1,1,2,4,Set up,252,390,382,445,3,1,3,1,Set highlighted button 1; LinkPGCN 2,VTS01_LU1_PGC2
VTS01_VOB33_CELL01,VTS01_LU1_PGC1,1,2,5,Character selection,80,340,210,435,2,4,3,3,LinkPGCN 12,VTS01_LU1_PGC12
VTS01_VOB35_CELL01,VTS01_LU1_PGC1,1,1,1,Play,217,313,282,364,4,2,4,2,LinkPGCN 11,VTS01_LU1_PGC11
VTS01_VOB35_CELL01,VTS01_LU1_PGC1,1,1,2,Scene selection,307,334,403,390,1,3,1,3,Set highlighted button 1; LinkPGCN 6,VTS01_LU1_PGC6
VTS01_VOB35_CELL01,VTS01_LU1_PGC1,1,1,3,Bonus features,219,381,300,418,2,4,2,5,GPRM4 = 1; LinkPGCN 7,VTS01_LU1_PGC7
VTS01_VOB35_CELL01,VTS01_LU1_PGC1,1,1,4,Set up,346,402,476,457,3,1,3,1,Set highlighted button 1; LinkPGCN 2,VTS01_LU1_PGC2
VTS01_VOB35_CELL01,VTS01_LU1_PGC1,1,1,5,Character selection,86,311,216,406,2,4,3,3,LinkPGCN 12,VTS01_LU1_PGC12
VTS01_VOB35_CELL01,VTS01_LU1_PGC1,1,2,1,Play,169,304,255,360,4,2,4,2,LinkPGCN 11,VTS01_LU1_PGC11
VTS01_VOB35_CELL01,VTS01_LU1_PGC1,1,2,2,Scene selection,288,338,384,394,1,3,1,3,Set highlighted button 1; LinkPGCN 6,VTS01_LU1_PGC6
VTS01_VOB35_CELL01,VTS01_LU1_PGC1,1,2,3,Bonus features,171,383,277,420,2,4,2,5,GPRM4 = 1; LinkPGCN 7,VTS01_LU1_PGC7
VTS01_VOB35_CELL01,VTS01_LU1_PGC1,1,2,4,Set up,346,401,476,456,3,1,3,1,Set highlighted button 1; LinkPGCN 2,VTS01_LU1_PGC2
VTS01_VOB35_CELL01,VTS01_LU1_PGC1,1,2,5,Character selection,38,311,168,406,2,4,3,3,LinkPGCN 12,VTS01_LU1_PGC12
VTS01_VOB37_CELL01,VTS01_LU1_PGC1,1,1,1,Play,214,318,293,365,4,2,4,2,LinkPGCN 11,VTS01_LU1_PGC11
VTS01_VOB37_CELL01,VTS01_LU1_PGC1,1,1,2,Scene selection,300,334,396,390,1,3,1,3,Set highlighted button 1; LinkPGCN 6,VTS01_LU1_PGC6
VTS01_VOB37_CELL01,VTS01_LU1_PGC1,1,1,3,Bonus features,214,378,303,415,2,4,2,5,GPRM4 = 1; LinkPGCN 7,VTS01_LU1_PGC7
VTS01_VOB37_CELL01,VTS01_LU1_PGC1,1,1,4,Set up,331,397,461,452,3,1,3,1,Set highlighted button 1; LinkPGCN 2,VTS01_LU1_PGC2
VTS01_VOB37_CELL01,VTS01_LU1_PGC1,1,1,5,Character selection,81,317,211,412,2,4,3,3,LinkPGCN 12,VTS01_LU1_PGC12
VTS01_VOB37_CELL01,VTS01_LU1_PGC1,1,2,1,Play,161,317,253,367,4,2,4,2,LinkPGCN 11,VTS01_LU1_PGC11
VTS01_VOB37_CELL01,VTS01_LU1_PGC1,1,2,2,Scene selection,278,337,374,393,1,3,1,3,Set highlighted button 1; LinkPGCN 6,VTS01_LU1_PGC6
VTS01_VOB37_CELL01,VTS01_LU1_PGC1,1,2,3,Bonus features,162,381,299,418,2,4,2,5,GPRM4 = 1; LinkPGCN 7,VTS01_LU1_PGC7
VTS01_VOB37_CELL01,VTS01_LU1_PGC1,1,2,4,Set up,329,398,459,453,3,1,3,1,Set highlighted button 1; LinkPGCN 2,VTS01_LU1_PGC2
VTS01_VOB37_CELL01,VTS01_LU1_PGC1,1,2,5,Character selection,29,315,159,410,2,4,3,3,LinkPGCN 12,VTS01_LU1_PGC12
VTS01_VOB12_CELL01,VTS01_LU1_PGC2,1,1,1,Captions & subtitles,240,136,634,190,4,2,4,2,LinkPGCN 4,VTS01_LU1_PGC4
VTS01_VOB12_CELL01,VTS01_LU1_PGC2,1,1,2,Register your DVD,238,193,645,226,1,3,1,3,LinkPGCN 10,VTS01_LU1_PGC10
VTS01_VOB12_CELL01,VTS01_LU1_PGC2,1,1,3,Return to film,235,228,651,264,2,4,2,4,JumpSS domain=VMGM pgc=9,VMGM_LU1_PGC9
VTS01_VOB12_CELL01,VTS01_LU1_PGC2,1,1,4,Main menu,234,276,631,353,3,1,3,1,Set highlighted button 9; LinkPGCN 13,VTS01_LU1_PGC13
VTS01_VOB12_CELL01,VTS01_LU1_PGC2,1,2,1,Captions & subtitles,250,136,644,190,4,2,4,2,LinkPGCN 4,VTS01_LU1_PGC4
VTS01_VOB12_CELL01,VTS01_LU1_PGC2,1,2,2,Register your DVD,240,193,647,226,1,3,1,3,LinkPGCN 10,VTS01_LU1_PGC10
VTS01_VOB12_CELL01,VTS01_LU1_PGC2,1,2,3,Return to film,237,227,653,263,2,4,2,4,JumpSS domain=VMGM pgc=9,VMGM_LU1_PGC9
VTS01_VOB12_CELL01,VTS01_LU1_PGC2,1,2,4,Main menu,234,276,631,353,3,1,3,1,Set highlighted button 9; LinkPGCN 13,VTS01_LU1_PGC13
VTS01_VOB23_CELL01,VTS01_LU1_PGC2,1,1,1,Captions & subtitles,30,180,458,217,4,2,4,2,LinkPGCN 4,VTS01_LU1_PGC4
VTS01_VOB23_CELL01,VTS01_LU1_PGC2,1,1,2,Register your DVD,29,222,494,264,1,3,1,3,LinkPGCN 10,VTS01_LU1_PGC10
VTS01_VOB23_CELL01,VTS01_LU1_PGC2,1,1,3,Return to film,32,268,487,319,2,4,2,4,JumpSS domain=VMGM pgc=9,VMGM_LU1_PGC9
VTS01_VOB23_CELL01,VTS01_LU1_PGC2,1,1,4,Main menu,124,390,510,472,3,1,3,1,Set highlighted button 4; LinkPGCN 1,VTS01_LU1_PGC1
VTS01_VOB23_CELL01,VTS01_LU1_PGC2,1,2,1,Captions & subtitles,30,180,458,217,4,2,4,2,LinkPGCN 4,VTS01_LU1_PGC4
VTS01_VOB23_CELL01,VTS01_LU1_PGC2,1,2,2,Register your DVD,29,222,494,264,1,3,1,3,LinkPGCN 10,VTS01_LU1_PGC10
VTS01_VOB23_CELL01,VTS01_LU1_PGC2,1,2,3,Return to film,32,268,487,319,2,4,2,4,JumpSS domain=VMGM pgc=9,VMGM_LU1_PGC9
VTS01_VOB23_CELL01,VTS01_LU1_PGC2,1,2,4,Main menu,124,390,510,472,3,1,3,1,Set highlighted button 4; LinkPGCN 1,VTS01_LU1_PGC1
VTS01_VOB09_CELL01,VTS01_LU1_PGC4,1,1,1,English for the hearing impaired,249,131,646,194,5,2,5,2,GPRM2 = 64; LinkTailPGC (button 1),VTS01_LU1_PGC4:TailPGC
VTS01_VOB09_CELL01,VTS01_LU1_PGC4,1,1,2,French,249,201,609,234,1,3,1,3,GPRM2 = 65; LinkTailPGC (button 1),VTS01_LU1_PGC4:TailPGC
VTS01_VOB09_CELL01,VTS01_LU1_PGC4,1,1,3,Spanish,248,235,614,250,2,4,2,4,GPRM2 = 66; LinkTailPGC (button 1),VTS01_LU1_PGC4:TailPGC
VTS01_VOB09_CELL01,VTS01_LU1_PGC4,1,1,4,None,250,251,629,274,3,5,3,5,GPRM2 = 0; LinkTailPGC (button 1),VTS01_LU1_PGC4:TailPGC
VTS01_VOB09_CELL01,VTS01_LU1_PGC4,1,1,5,Set up,249,276,645,354,4,1,4,1,Set highlighted button 1; LinkPGCN 2,VTS01_LU1_PGC2
VTS01_VOB09_CELL01,VTS01_LU1_PGC4,1,2,1,English for the hearing impaired,249,131,646,194,5,2,5,2,GPRM2 = 64; LinkTailPGC (button 1),VTS01_LU1_PGC4:TailPGC
VTS01_VOB09_CELL01,VTS01_LU1_PGC4,1,2,2,French,249,201,661,234,1,3,1,3,GPRM2 = 65; LinkTailPGC (button 1),VTS01_LU1_PGC4:TailPGC
VTS01_VOB09_CELL01,VTS01_LU1_PGC4,1,2,3,Spanish,248,235,658,250,2,4,2,4,GPRM2 = 66; LinkTailPGC (button 1),VTS01_LU1_PGC4:TailPGC
VTS01_VOB09_CELL01,VTS01_LU1_PGC4,1,2,4,None,250,251,674,274,3,5,3,5,GPRM2 = 0; LinkTailPGC (button 1),VTS01_LU1_PGC4:TailPGC
VTS01_VOB09_CELL01,VTS01_LU1_PGC4,1,2,5,Set up,249,276,645,354,4,1,4,1,Set highlighted button 1; LinkPGCN 2,VTS01_LU1_PGC2
VTS01_VOB24_CELL01,VTS01_LU1_PGC4,1,1,1,English for the hearing impaired,336,94,635,203,5,2,5,2,GPRM2 = 64; LinkTailPGC (button 1),VTS01_LU1_PGC4:TailPGC
VTS01_VOB24_CELL01,VTS01_LU1_PGC4,1,1,2,French,381,232,632,296,1,3,1,3,GPRM2 = 65; LinkTailPGC (button 1),VTS01_LU1_PGC4:TailPGC
VTS01_VOB24_CELL01,VTS01_LU1_PGC4,1,1,3,Spanish,393,300,629,326,2,4,2,4,GPRM2 = 66; LinkTailPGC (button 1),VTS01_LU1_PGC4:TailPGC
VTS01_VOB24_CELL01,VTS01_LU1_PGC4,1,1,4,None,403,327,607,369,3,5,3,5,GPRM2 = 0; LinkTailPGC (button 1),VTS01_LU1_PGC4:TailPGC
VTS01_VOB24_CELL01,VTS01_LU1_PGC4,1,1,5,Set up,419,399,619,464,4,1,4,1,Set highlighted button 1; LinkPGCN 2,VTS01_LU1_PGC2
VTS01_VOB24_CELL01,VTS01_LU1_PGC4,1,2,1,English for the hearing impaired,349,93,648,202,5,2,5,2,GPRM2 = 64; LinkTailPGC (button 1),VTS01_LU1_PGC4:TailPGC
VTS01_VOB24_CELL01,VTS01_LU1_PGC4,1,2,2,French,396,232,647,296,1,3,1,3,GPRM2 = 65; LinkTailPGC (button 1),VTS01_LU1_PGC4:TailPGC
VTS01_VOB24_CELL01,VTS01_LU1_PGC4,1,2,3,Spanish,410,300,646,326,2,4,2,4,GPRM2 = 66; LinkTailPGC (button 1),VTS01_LU1_PGC4:TailPGC
VTS01_VOB24_CELL01,VTS01_LU1_PGC4,1,2,4,None,438,329,642,371,3,5,3,5,GPRM2 = 0; LinkTailPGC (button 1),VTS01_LU1_PGC4:TailPGC
VTS01_VOB24_CELL01,VTS01_LU1_PGC4,1,2,5,Set up,461,400,661,465,4,1,4,1,Set highlighted button 1; LinkPGCN 2,VTS01_LU1_PGC2
VTS01_VOB01_CELL01,VTS01_LU1_PGC5,1,1,1,Chapter 1,68,76,359,218,10,3,11,2,GPRM6 = 99; LinkTailPGC (button 0),VTS01_LU1_PGC5:TailPGC
VTS01_VOB01_CELL01,VTS01_LU1_PGC5,1,1,2,Chapter 2,361,80,652,219,10,4,1,13,JumpVTS_PTT title=1 chapter=2,Title1:Chapter2
VTS01_VOB01_CELL01,VTS01_LU1_PGC5,1,1,3,Chapter 3,65,227,358,335,1,5,12,4,JumpVTS_PTT title=1 chapter=3,Title1:Chapter3
VTS01_VOB01_CELL01,VTS01_LU1_PGC5,1,1,4,Chapter 4,364,226,647,335,2,9,3,14,JumpVTS_PTT title=1 chapter=4,Title1:Chapter4
VTS01_VOB01_CELL01,VTS01_LU1_PGC5,1,1,5,Chapters 1–4,113,338,196,361,3,10,9,6,LinkPGN 1,VTS01_VOB01_CELL01
VTS01_VOB01_CELL01,VTS01_LU1_PGC5,1,1,6,Chapters 5–8,215,337,273,361,3,10,5,7,LinkPGN 2,VTS01_VOB02_CELL01
VTS01_VOB01_CELL01,VTS01_LU1_PGC5,1,1,7,Chapters 9–12,284,337,386,361,3,10,6,8,LinkPGN 3,VTS01_VOB03_CELL01
VTS01_VOB01_CELL01,VTS01_LU1_PGC5,1,1,8,Chapters 13–16,396,338,504,362,4,10,7,9,LinkPGN 4,VTS01_VOB04_CELL01
VTS01_VOB01_CELL01,VTS01_LU1_PGC5,1,1,9,Chapters 17–20,506,337,611,362,4,10,8,5,LinkPGN 5,VTS01_VOB05_CELL01
VTS01_VOB01_CELL01,VTS01_LU1_PGC5,1,1,10,Main menu,107,362,322,428,5,1,5,9,Set highlighted button 7; LinkPGCN 13,VTS01_LU1_PGC13
VTS01_VOB01_CELL01,VTS01_LU1_PGC5,1,1,11,Previous page,11,117,34,158,11,11,11,11,LinkPGN 5,VTS01_VOB05_CELL01
VTS01_VOB01_CELL01,VTS01_LU1_PGC5,1,1,12,Previous page,18,254,45,298,12,12,12,12,LinkPGN 5,VTS01_VOB05_CELL01
VTS01_VOB01_CELL01,VTS01_LU1_PGC5,1,1,13,Next page,678,125,702,184,13,13,13,13,LinkPGN 2,VTS01_VOB02_CELL01
VTS01_VOB01_CELL01,VTS01_LU1_PGC5,1,1,14,Next page,673,281,696,321,14,14,14,14,LinkPGN 2,VTS01_VOB02_CELL01
VTS01_VOB01_CELL01,VTS01_LU1_PGC5,1,2,1,Chapter 1,68,81,359,223,10,3,11,2,GPRM6 = 99; LinkTailPGC (button 0),VTS01_LU1_PGC5:TailPGC
VTS01_VOB01_CELL01,VTS01_LU1_PGC5,1,2,2,Chapter 2,361,80,652,219,10,4,1,13,JumpVTS_PTT title=1 chapter=2,Title1:Chapter2
VTS01_VOB01_CELL01,VTS01_LU1_PGC5,1,2,3,Chapter 3,65,227,358,335,1,5,12,4,JumpVTS_PTT title=1 chapter=3,Title1:Chapter3
VTS01_VOB01_CELL01,VTS01_LU1_PGC5,1,2,4,Chapter 4,364,226,647,335,2,9,3,14,JumpVTS_PTT title=1 chapter=4,Title1:Chapter4
VTS01_VOB01_CELL01,VTS01_LU1_PGC5,1,2,5,Chapters 1–4,61,338,144,361,3,10,9,6,LinkPGN 1,VTS01_VOB01_CELL01
VTS01_VOB01_CELL01,VTS01_LU1_PGC5,1,2,6,Chapters 5–8,165,337,257,361,3,10,5,7,LinkPGN 2,VTS01_VOB02_CELL01
VTS01_VOB01_CELL01,VTS01_LU1_PGC5,1,2,7,Chapters 9–12,284,337,386,361,3,10,6,8,LinkPGN 3,VTS01_VOB03_CELL01
VTS01_VOB01_CELL01,VTS01_LU1_PGC5,1,2,8,Chapters 13–16,425,337,533,361,4,10,7,9,LinkPGN 4,VTS01_VOB04_CELL01
VTS01_VOB01_CELL01,VTS01_LU1_PGC5,1,2,9,Chapters 17–20,556,337,661,362,4,10,8,5,LinkPGN 5,VTS01_VOB05_CELL01
VTS01_VOB01_CELL01,VTS01_LU1_PGC5,1,2,10,Main menu,58,362,273,428,5,1,5,9,Set highlighted button 7; LinkPGCN 13,VTS01_LU1_PGC13
VTS01_VOB01_CELL01,VTS01_LU1_PGC5,1,2,11,Previous page,11,117,34,158,11,11,11,11,LinkPGN 5,VTS01_VOB05_CELL01
VTS01_VOB01_CELL01,VTS01_LU1_PGC5,1,2,12,Previous page,18,254,45,298,12,12,12,12,LinkPGN 5,VTS01_VOB05_CELL01
VTS01_VOB01_CELL01,VTS01_LU1_PGC5,1,2,13,Next page,678,125,702,184,13,13,13,13,LinkPGN 2,VTS01_VOB02_CELL01
VTS01_VOB01_CELL01,VTS01_LU1_PGC5,1,2,14,Next page,673,281,696,321,14,14,14,14,LinkPGN 2,VTS01_VOB02_CELL01
VTS01_VOB02_CELL01,VTS01_LU1_PGC5,1,1,1,Chapter 5,68,76,359,218,10,3,11,2,JumpVTS_PTT title=1 chapter=5,Title1:Chapter5
VTS01_VOB02_CELL01,VTS01_LU1_PGC5,1,1,2,Chapter 6,361,80,652,219,10,4,1,13,JumpVTS_PTT title=1 chapter=6,Title1:Chapter6
VTS01_VOB02_CELL01,VTS01_LU1_PGC5,1,1,3,Chapter 7,65,227,358,335,1,5,12,4,JumpVTS_PTT title=1 chapter=7,Title1:Chapter7
VTS01_VOB02_CELL01,VTS01_LU1_PGC5,1,1,4,Chapter 8,364,226,647,335,2,9,3,14,JumpVTS_PTT title=1 chapter=8,Title1:Chapter8
VTS01_VOB02_CELL01,VTS01_LU1_PGC5,1,1,5,Chapters 1–4,113,338,196,361,3,10,9,6,LinkPGN 1,VTS01_VOB01_CELL01
VTS01_VOB02_CELL01,VTS01_LU1_PGC5,1,1,6,Chapters 5–8,215,337,273,361,3,10,5,7,LinkPGN 2,VTS01_VOB02_CELL01
VTS01_VOB02_CELL01,VTS01_LU1_PGC5,1,1,7,Chapters 9–12,284,337,386,361,3,10,6,8,LinkPGN 3,VTS01_VOB03_CELL01
VTS01_VOB02_CELL01,VTS01_LU1_PGC5,1,1,8,Chapters 13–16,396,338,504,362,4,10,7,9,LinkPGN 4,VTS01_VOB04_CELL01
VTS01_VOB02_CELL01,VTS01_LU1_PGC5,1,1,9,Chapters 17–20,506,337,611,362,4,10,8,5,LinkPGN 5,VTS01_VOB05_CELL01
VTS01_VOB02_CELL01,VTS01_LU1_PGC5,1,1,10,Main menu,107,362,322,428,5,1,5,9,Set highlighted button 7; LinkPGCN 13,VTS01_LU1_PGC13
VTS01_VOB02_CELL01,VTS01_LU1_PGC5,1,1,11,Previous page,11,117,34,158,11,11,11,11,LinkPGN 1,VTS01_VOB01_CELL01
VTS01_VOB02_CELL01,VTS01_LU1_PGC5,1,1,12,Previous page,18,254,45,298,12,12,12,12,LinkPGN 1,VTS01_VOB01_CELL01
VTS01_VOB02_CELL01,VTS01_LU1_PGC5,1,1,13,Next page,678,125,702,184,13,13,13,13,LinkPGN 3,VTS01_VOB03_CELL01
VTS01_VOB02_CELL01,VTS01_LU1_PGC5,1,1,14,Next page,673,281,696,321,14,14,14,14,LinkPGN 3,VTS01_VOB03_CELL01
VTS01_VOB02_CELL01,VTS01_LU1_PGC5,1,2,1,Chapter 5,68,81,359,223,10,3,11,2,JumpVTS_PTT title=1 chapter=5,Title1:Chapter5
VTS01_VOB02_CELL01,VTS01_LU1_PGC5,1,2,2,Chapter 6,361,80,652,219,10,4,1,13,JumpVTS_PTT title=1 chapter=6,Title1:Chapter6
VTS01_VOB02_CELL01,VTS01_LU1_PGC5,1,2,3,Chapter 7,65,227,358,335,1,5,12,4,JumpVTS_PTT title=1 chapter=7,Title1:Chapter7
VTS01_VOB02_CELL01,VTS01_LU1_PGC5,1,2,4,Chapter 8,364,226,647,335,2,9,3,14,JumpVTS_PTT title=1 chapter=8,Title1:Chapter8
VTS01_VOB02_CELL01,VTS01_LU1_PGC5,1,2,5,Chapters 1–4,61,338,144,361,3,10,9,6,LinkPGN 1,VTS01_VOB01_CELL01
VTS01_VOB02_CELL01,VTS01_LU1_PGC5,1,2,6,Chapters 5–8,165,337,257,361,3,10,5,7,LinkPGN 2,VTS01_VOB02_CELL01
VTS01_VOB02_CELL01,VTS01_LU1_PGC5,1,2,7,Chapters 9–12,284,337,386,361,3,10,6,8,LinkPGN 3,VTS01_VOB03_CELL01
VTS01_VOB02_CELL01,VTS01_LU1_PGC5,1,2,8,Chapters 13–16,425,337,533,361,4,10,7,9,LinkPGN 4,VTS01_VOB04_CELL01
VTS01_VOB02_CELL01,VTS01_LU1_PGC5,1,2,9,Chapters 17–20,556,337,661,362,4,10,8,5,LinkPGN 5,VTS01_VOB05_CELL01
VTS01_VOB02_CELL01,VTS01_LU1_PGC5,1,2,10,Main menu,58,362,273,428,5,1,5,9,Set highlighted button 7; LinkPGCN 13,VTS01_LU1_PGC13
VTS01_VOB02_CELL01,VTS01_LU1_PGC5,1,2,11,Previous page,11,117,34,158,11,11,11,11,LinkPGN 1,VTS01_VOB01_CELL01
VTS01_VOB02_CELL01,VTS01_LU1_PGC5,1,2,12,Previous page,18,254,45,298,12,12,12,12,LinkPGN 1,VTS01_VOB01_CELL01
VTS01_VOB02_CELL01,VTS01_LU1_PGC5,1,2,13,Next page,678,125,702,184,13,13,13,13,LinkPGN 3,VTS01_VOB03_CELL01
VTS01_VOB02_CELL01,VTS01_LU1_PGC5,1,2,14,Next page,673,281,696,321,14,14,14,14,LinkPGN 3,VTS01_VOB03_CELL01
VTS01_VOB03_CELL01,VTS01_LU1_PGC5,1,1,1,Chapter 9,68,76,359,218,10,3,11,2,JumpVTS_PTT title=1 chapter=9,Title1:Chapter9
VTS01_VOB03_CELL01,VTS01_LU1_PGC5,1,1,2,Chapter 10,361,80,652,219,10,4,1,13,JumpVTS_PTT title=1 chapter=10,Title1:Chapter10
VTS01_VOB03_CELL01,VTS01_LU1_PGC5,1,1,3,Chapter 11,65,227,358,335,1,5,12,4,JumpVTS_PTT title=1 chapter=11,Title1:Chapter11
VTS01_VOB03_CELL01,VTS01_LU1_PGC5,1,1,4,Chapter 12,364,226,647,335,2,9,3,14,JumpVTS_PTT title=1 chapter=12,Title1:Chapter12
VTS01_VOB03_CELL01,VTS01_LU1_PGC5,1,1,5,Chapters 1–4,113,338,196,361,3,10,9,6,LinkPGN 1,VTS01_VOB01_CELL01
VTS01_VOB03_CELL01,VTS01_LU1_PGC5,1,1,6,Chapters 5–8,215,337,273,361,3,10,5,7,LinkPGN 2,VTS01_VOB02_CELL01
VTS01_VOB03_CELL01,VTS01_LU1_PGC5,1,1,7,Chapters 9–12,284,337,386,361,3,10,6,8,LinkPGN 3,VTS01_VOB03_CELL01
VTS01_VOB03_CELL01,VTS01_LU1_PGC5,1,1,8,Chapters 13–16,396,338,504,362,4,10,7,9,LinkPGN 4,VTS01_VOB04_CELL01
VTS01_VOB03_CELL01,VTS01_LU1_PGC5,1,1,9,Chapters 17–20,506,337,611,362,4,10,8,5,LinkPGN 5,VTS01_VOB05_CELL01
VTS01_VOB03_CELL01,VTS01_LU1_PGC5,1,1,10,Main menu,107,362,322,428,5,1,5,9,Set highlighted button 7; LinkPGCN 13,VTS01_LU1_PGC13
VTS01_VOB03_CELL01,VTS01_LU1_PGC5,1,1,11,Previous page,11,117,34,158,11,11,11,11,LinkPGN 2,VTS01_VOB02_CELL01
VTS01_VOB03_CELL01,VTS01_LU1_PGC5,1,1,12,Previous page,18,254,45,298,12,12,12,12,LinkPGN 2,VTS01_VOB02_CELL01
VTS01_VOB03_CELL01,VTS01_LU1_PGC5,1,1,13,Next page,678,125,702,184,13,13,13,13,LinkPGN 4,VTS01_VOB04_CELL01
VTS01_VOB03_CELL01,VTS01_LU1_PGC5,1,1,14,Next page,673,281,696,321,14,14,14,14,LinkPGN 4,VTS01_VOB04_CELL01
VTS01_VOB03_CELL01,VTS01_LU1_PGC5,1,2,1,Chapter 9,68,81,359,223,10,3,11,2,JumpVTS_PTT title=1 chapter=9,Title1:Chapter9
VTS01_VOB03_CELL01,VTS01_LU1_PGC5,1,2,2,Chapter 10,361,80,652,219,10,4,1,13,JumpVTS_PTT title=1 chapter=10,Title1:Chapter10
VTS01_VOB03_CELL01,VTS01_LU1_PGC5,1,2,3,Chapter 11,65,227,358,335,1,5,12,4,JumpVTS_PTT title=1 chapter=11,Title1:Chapter11
VTS01_VOB03_CELL01,VTS01_LU1_PGC5,1,2,4,Chapter 12,364,226,647,335,2,9,3,14,JumpVTS_PTT title=1 chapter=12,Title1:Chapter12
VTS01_VOB03_CELL01,VTS01_LU1_PGC5,1,2,5,Chapters 1–4,61,338,144,361,3,10,9,6,LinkPGN 1,VTS01_VOB01_CELL01
VTS01_VOB03_CELL01,VTS01_LU1_PGC5,1,2,6,Chapters 5–8,165,337,257,361,3,10,5,7,LinkPGN 2,VTS01_VOB02_CELL01
VTS01_VOB03_CELL01,VTS01_LU1_PGC5,1,2,7,Chapters 9–12,284,337,386,361,3,10,6,8,LinkPGN 3,VTS01_VOB03_CELL01
VTS01_VOB03_CELL01,VTS01_LU1_PGC5,1,2,8,Chapters 13–16,425,337,533,361,4,10,7,9,LinkPGN 4,VTS01_VOB04_CELL01
VTS01_VOB03_CELL01,VTS01_LU1_PGC5,1,2,9,Chapters 17–20,556,337,661,362,4,10,8,5,LinkPGN 5,VTS01_VOB05_CELL01
VTS01_VOB03_CELL01,VTS01_LU1_PGC5,1,2,10,Main menu,58,362,273,428,5,1,5,9,Set highlighted button 7; LinkPGCN 13,VTS01_LU1_PGC13
VTS01_VOB03_CELL01,VTS01_LU1_PGC5,1,2,11,Previous page,11,117,34,158,11,11,11,11,LinkPGN 2,VTS01_VOB02_CELL01
VTS01_VOB03_CELL01,VTS01_LU1_PGC5,1,2,12,Previous page,18,254,45,298,12,12,12,12,LinkPGN 2,VTS01_VOB02_CELL01
VTS01_VOB03_CELL01,VTS01_LU1_PGC5,1,2,13,Next page,678,125,702,184,13,13,13,13,LinkPGN 4,VTS01_VOB04_CELL01
VTS01_VOB03_CELL01,VTS01_LU1_PGC5,1,2,14,Next page,673,281,696,321,14,14,14,14,LinkPGN 4,VTS01_VOB04_CELL01
VTS01_VOB04_CELL01,VTS01_LU1_PGC5,1,1,1,Chapter 13,68,76,359,218,10,3,11,2,JumpVTS_PTT title=1 chapter=13,Title1:Chapter13
VTS01_VOB04_CELL01,VTS01_LU1_PGC5,1,1,2,Chapter 14,361,80,652,219,10,4,1,13,JumpVTS_PTT title=1 chapter=14,Title1:Chapter14
VTS01_VOB04_CELL01,VTS01_LU1_PGC5,1,1,3,Chapter 15,65,227,358,335,1,5,12,4,JumpVTS_PTT title=1 chapter=15,Title1:Chapter15
VTS01_VOB04_CELL01,VTS01_LU1_PGC5,1,1,4,Chapter 16,364,226,647,335,2,9,3,14,JumpVTS_PTT title=1 chapter=16,Title1:Chapter16
VTS01_VOB04_CELL01,VTS01_LU1_PGC5,1,1,5,Chapters 1–4,113,338,196,361,3,10,9,6,LinkPGN 1,VTS01_VOB01_CELL01
VTS01_VOB04_CELL01,VTS01_LU1_PGC5,1,1,6,Chapters 5–8,215,337,273,361,3,10,5,7,LinkPGN 2,VTS01_VOB02_CELL01
VTS01_VOB04_CELL01,VTS01_LU1_PGC5,1,1,7,Chapters 9–12,284,337,386,361,3,10,6,8,LinkPGN 3,VTS01_VOB03_CELL01
VTS01_VOB04_CELL01,VTS01_LU1_PGC5,1,1,8,Chapters 13–16,396,338,504,362,4,10,7,9,LinkPGN 4,VTS01_VOB04_CELL01
VTS01_VOB04_CELL01,VTS01_LU1_PGC5,1,1,9,Chapters 17–20,506,337,611,362,4,10,8,5,LinkPGN 5,VTS01_VOB05_CELL01
VTS01_VOB04_CELL01,VTS01_LU1_PGC5,1,1,10,Main menu,107,362,322,428,5,1,5,9,Set highlighted button 7; LinkPGCN 13,VTS01_LU1_PGC13
VTS01_VOB04_CELL01,VTS01_LU1_PGC5,1,1,11,Previous page,11,117,34,158,11,11,11,11,LinkPGN 3,VTS01_VOB03_CELL01
VTS01_VOB04_CELL01,VTS01_LU1_PGC5,1,1,12,Previous page,18,254,45,298,12,12,12,12,LinkPGN 3,VTS01_VOB03_CELL01
VTS01_VOB04_CELL01,VTS01_LU1_PGC5,1,1,13,Next page,678,125,702,184,13,13,13,13,LinkPGN 5,VTS01_VOB05_CELL01
VTS01_VOB04_CELL01,VTS01_LU1_PGC5,1,1,14,Next page,673,281,696,321,14,14,14,14,LinkPGN 5,VTS01_VOB05_CELL01
VTS01_VOB04_CELL01,VTS01_LU1_PGC5,1,2,1,Chapter 13,68,81,359,223,10,3,11,2,JumpVTS_PTT title=1 chapter=13,Title1:Chapter13
VTS01_VOB04_CELL01,VTS01_LU1_PGC5,1,2,2,Chapter 14,361,80,652,219,10,4,1,13,JumpVTS_PTT title=1 chapter=14,Title1:Chapter14
VTS01_VOB04_CELL01,VTS01_LU1_PGC5,1,2,3,Chapter 15,65,227,358,335,1,5,12,4,JumpVTS_PTT title=1 chapter=15,Title1:Chapter15
VTS01_VOB04_CELL01,VTS01_LU1_PGC5,1,2,4,Chapter 16,364,226,647,335,2,9,3,14,JumpVTS_PTT title=1 chapter=16,Title1:Chapter16
VTS01_VOB04_CELL01,VTS01_LU1_PGC5,1,2,5,Chapters 1–4,61,338,144,361,3,10,9,6,LinkPGN 1,VTS01_VOB01_CELL01
VTS01_VOB04_CELL01,VTS01_LU1_PGC5,1,2,6,Chapters 5–8,165,337,257,361,3,10,5,7,LinkPGN 2,VTS01_VOB02_CELL01
VTS01_VOB04_CELL01,VTS01_LU1_PGC5,1,2,7,Chapters 9–12,284,337,386,361,3,10,6,8,LinkPGN 3,VTS01_VOB03_CELL01
VTS01_VOB04_CELL01,VTS01_LU1_PGC5,1,2,8,Chapters 13–16,425,337,533,361,4,10,7,9,LinkPGN 4,VTS01_VOB04_CELL01
VTS01_VOB04_CELL01,VTS01_LU1_PGC5,1,2,9,Chapters 17–20,556,337,661,362,4,10,8,5,LinkPGN 5,VTS01_VOB05_CELL01
VTS01_VOB04_CELL01,VTS01_LU1_PGC5,1,2,10,Main menu,58,362,273,428,5,1,5,9,Set highlighted button 7; LinkPGCN 13,VTS01_LU1_PGC13
VTS01_VOB04_CELL01,VTS01_LU1_PGC5,1,2,11,Previous page,11,117,34,158,11,11,11,11,LinkPGN 3,VTS01_VOB03_CELL01
VTS01_VOB04_CELL01,VTS01_LU1_PGC5,1,2,12,Previous page,18,254,45,298,12,12,12,12,LinkPGN 3,VTS01_VOB03_CELL01
VTS01_VOB04_CELL01,VTS01_LU1_PGC5,1,2,13,Next page,678,125,702,184,13,13,13,13,LinkPGN 5,VTS01_VOB05_CELL01
VTS01_VOB04_CELL01,VTS01_LU1_PGC5,1,2,14,Next page,673,281,696,321,14,14,14,14,LinkPGN 5,VTS01_VOB05_CELL01
VTS01_VOB05_CELL01,VTS01_LU1_PGC5,1,1,1,Chapter 17,68,76,359,218,10,3,11,2,JumpVTS_PTT title=1 chapter=17,Title1:Chapter17
VTS01_VOB05_CELL01,VTS01_LU1_PGC5,1,1,2,Chapter 18,361,80,652,219,10,4,1,13,JumpVTS_PTT title=1 chapter=18,Title1:Chapter18
VTS01_VOB05_CELL01,VTS01_LU1_PGC5,1,1,3,Chapter 19,65,227,358,335,1,5,12,4,JumpVTS_PTT title=1 chapter=19,Title1:Chapter19
VTS01_VOB05_CELL01,VTS01_LU1_PGC5,1,1,4,Chapter 20,364,226,647,335,2,9,3,14,JumpVTS_PTT title=1 chapter=20,Title1:Chapter20
VTS01_VOB05_CELL01,VTS01_LU1_PGC5,1,1,5,Chapters 1–4,113,338,196,361,3,10,9,6,LinkPGN 1,VTS01_VOB01_CELL01
VTS01_VOB05_CELL01,VTS01_LU1_PGC5,1,1,6,Chapters 5–8,215,337,273,361,3,10,5,7,LinkPGN 2,VTS01_VOB02_CELL01
VTS01_VOB05_CELL01,VTS01_LU1_PGC5,1,1,7,Chapters 9–12,284,337,386,361,3,10,6,8,LinkPGN 3,VTS01_VOB03_CELL01
VTS01_VOB05_CELL01,VTS01_LU1_PGC5,1,1,8,Chapters 13–16,396,338,504,362,4,10,7,9,LinkPGN 4,VTS01_VOB04_CELL01
VTS01_VOB05_CELL01,VTS01_LU1_PGC5,1,1,9,Chapters 17–20,506,337,611,362,4,10,8,5,LinkPGN 5,VTS01_VOB05_CELL01
VTS01_VOB05_CELL01,VTS01_LU1_PGC5,1,1,10,Main menu,107,362,322,428,5,1,5,9,Set highlighted button 7; LinkPGCN 13,VTS01_LU1_PGC13
VTS01_VOB05_CELL01,VTS01_LU1_PGC5,1,1,11,Previous page,11,117,34,158,11,11,11,11,LinkPGN 4,VTS01_VOB04_CELL01
VTS01_VOB05_CELL01,VTS01_LU1_PGC5,1,1,12,Previous page,18,254,45,298,12,12,12,12,LinkPGN 4,VTS01_VOB04_CELL01
VTS01_VOB05_CELL01,VTS01_LU1_PGC5,1,1,13,Next page,678,125,702,184,13,13,13,13,LinkPGN 1,VTS01_VOB01_CELL01
VTS01_VOB05_CELL01,VTS01_LU1_PGC5,1,1,14,Next page,673,281,696,321,14,14,14,14,LinkPGN 1,VTS01_VOB01_CELL01
VTS01_VOB05_CELL01,VTS01_LU1_PGC5,1,2,1,Chapter 17,68,81,359,223,10,3,11,2,JumpVTS_PTT title=1 chapter=17,Title1:Chapter17
VTS01_VOB05_CELL01,VTS01_LU1_PGC5,1,2,2,Chapter 18,361,80,652,219,10,4,1,13,JumpVTS_PTT title=1 chapter=18,Title1:Chapter18
VTS01_VOB05_CELL01,VTS01_LU1_PGC5,1,2,3,Chapter 19,65,227,358,335,1,5,12,4,JumpVTS_PTT title=1 chapter=19,Title1:Chapter19
VTS01_VOB05_CELL01,VTS01_LU1_PGC5,1,2,4,Chapter 20,364,226,647,335,2,9,3,14,JumpVTS_PTT title=1 chapter=20,Title1:Chapter20
VTS01_VOB05_CELL01,VTS01_LU1_PGC5,1,2,5,Chapters 1–4,61,338,144,361,3,10,9,6,LinkPGN 1,VTS01_VOB01_CELL01
VTS01_VOB05_CELL01,VTS01_LU1_PGC5,1,2,6,Chapters 5–8,165,337,257,361,3,10,5,7,LinkPGN 2,VTS01_VOB02_CELL01
VTS01_VOB05_CELL01,VTS01_LU1_PGC5,1,2,7,Chapters 9–12,284,337,386,361,3,10,6,8,LinkPGN 3,VTS01_VOB03_CELL01
VTS01_VOB05_CELL01,VTS01_LU1_PGC5,1,2,8,Chapters 13–16,425,337,533,361,4,10,7,9,LinkPGN 4,VTS01_VOB04_CELL01
VTS01_VOB05_CELL01,VTS01_LU1_PGC5,1,2,9,Chapters 17–20,556,337,661,362,4,10,8,5,LinkPGN 5,VTS01_VOB05_CELL01
VTS01_VOB05_CELL01,VTS01_LU1_PGC5,1,2,10,Main menu,58,362,273,428,5,1,5,9,Set highlighted button 7; LinkPGCN 13,VTS01_LU1_PGC13
VTS01_VOB05_CELL01,VTS01_LU1_PGC5,1,2,11,Previous page,11,117,34,158,11,11,11,11,LinkPGN 4,VTS01_VOB04_CELL01
VTS01_VOB05_CELL01,VTS01_LU1_PGC5,1,2,12,Previous page,18,254,45,298,12,12,12,12,LinkPGN 4,VTS01_VOB04_CELL01
VTS01_VOB05_CELL01,VTS01_LU1_PGC5,1,2,13,Next page,678,125,702,184,13,13,13,13,LinkPGN 1,VTS01_VOB01_CELL01
VTS01_VOB05_CELL01,VTS01_LU1_PGC5,1,2,14,Next page,673,281,696,321,14,14,14,14,LinkPGN 1,VTS01_VOB01_CELL01
VTS01_VOB13_CELL01,VTS01_LU1_PGC6,1,1,1,Chapter 1,176,38,319,163,11,3,2,2,GPRM6 = 99; LinkTailPGC (button 0),VTS01_LU1_PGC6:TailPGC
VTS01_VOB13_CELL01,VTS01_LU1_PGC6,1,1,2,Chapter 2,338,18,602,204,12,4,1,1,JumpVTS_PTT title=1 chapter=2,Title1:Chapter2
VTS01_VOB13_CELL01,VTS01_LU1_PGC6,1,1,3,Chapter 3,123,191,234,304,1,13,10,4,JumpVTS_PTT title=1 chapter=3,Title1:Chapter3
VTS01_VOB13_CELL01,VTS01_LU1_PGC6,1,1,4,Chapter 4,241,205,500,407,2,14,3,10,JumpVTS_PTT title=1 chapter=4,Title1:Chapter4
VTS01_VOB13_CELL01,VTS01_LU1_PGC6,1,1,5,Chapters 1–4,510,236,595,284,2,6,4,3,LinkPGN 1,VTS01_VOB13_CELL01
VTS01_VOB13_CELL01,VTS01_LU1_PGC6,1,1,6,Chapters 5–8,508,289,593,318,5,7,4,3,LinkPGN 2,VTS01_VOB14_CELL01
VTS01_VOB13_CELL01,VTS01_LU1_PGC6,1,1,7,Chapters 9–12,508,325,596,348,6,8,4,3,LinkPGN 3,VTS01_VOB15_CELL01
VTS01_VOB13_CELL01,VTS01_LU1_PGC6,1,1,8,Chapters 13–16,508,356,602,382,7,9,4,3,LinkPGN 4,VTS01_VOB16_CELL01
VTS01_VOB13_CELL01,VTS01_LU1_PGC6,1,1,9,Chapters 17–20,506,385,605,413,8,10,4,3,LinkPGN 5,VTS01_VOB17_CELL01
VTS01_VOB13_CELL01,VTS01_LU1_PGC6,1,1,10,Main menu,503,421,600,449,9,2,4,3,Set highlighted button 2; LinkPGCN 1,VTS01_LU1_PGC1
VTS01_VOB13_CELL01,VTS01_LU1_PGC6,1,1,11,Previous page,208,9,236,30,11,11,11,11,LinkPGN 5,VTS01_VOB17_CELL01
VTS01_VOB13_CELL01,VTS01_LU1_PGC6,1,1,12,Previous page,316,9,332,35,12,12,12,12,LinkPGN 5,VTS01_VOB17_CELL01
VTS01_VOB13_CELL01,VTS01_LU1_PGC6,1,1,13,Next page,119,377,149,410,13,13,13,13,LinkPGN 2,VTS01_VOB14_CELL01
VTS01_VOB13_CELL01,VTS01_LU1_PGC6,1,1,14,Next page,342,429,387,463,14,14,14,14,LinkPGN 2,VTS01_VOB14_CELL01
VTS01_VOB13_CELL01,VTS01_LU1_PGC6,1,2,1,Chapter 1,144,43,287,168,11,3,2,2,GPRM6 = 99; LinkTailPGC (button 0),VTS01_LU1_PGC6:TailPGC
VTS01_VOB13_CELL01,VTS01_LU1_PGC6,1,2,2,Chapter 2,338,18,690,204,12,4,1,1,JumpVTS_PTT title=1 chapter=2,Title1:Chapter2
VTS01_VOB13_CELL01,VTS01_LU1_PGC6,1,2,3,Chapter 3,43,191,193,304,1,13,10,4,JumpVTS_PTT title=1 chapter=3,Title1:Chapter3
VTS01_VOB13_CELL01,VTS01_LU1_PGC6,1,2,4,Chapter 4,200,205,560,407,2,14,3,10,JumpVTS_PTT title=1 chapter=4,Title1:Chapter4
VTS01_VOB13_CELL01,VTS01_LU1_PGC6,1,2,5,Chapters 1–4,574,235,659,283,2,6,4,3,LinkPGN 1,VTS01_VOB13_CELL01
VTS01_VOB13_CELL01,VTS01_LU1_PGC6,1,2,6,Chapters 5–8,576,290,661,319,5,7,4,3,LinkPGN 2,VTS01_VOB14_CELL01
VTS01_VOB13_CELL01,VTS01_LU1_PGC6,1,2,7,Chapters 9–12,573,325,661,348,6,8,4,3,LinkPGN 3,VTS01_VOB15_CELL01
VTS01_VOB13_CELL01,VTS01_LU1_PGC6,1,2,8,Chapters 13–16,568,355,662,381,7,9,4,3,LinkPGN 4,VTS01_VOB16_CELL01
VTS01_VOB13_CELL01,VTS01_LU1_PGC6,1,2,9,Chapters 17–20,568,385,667,413,8,10,4,3,LinkPGN 5,VTS01_VOB17_CELL01
VTS01_VOB13_CELL01,VTS01_LU1_PGC6,1,2,10,Main menu,567,422,664,450,9,2,4,3,Set highlighted button 2; LinkPGCN 1,VTS01_LU1_PGC1
VTS01_VOB13_CELL01,VTS01_LU1_PGC6,1,2,11,Previous page,208,9,236,30,11,11,11,11,LinkPGN 5,VTS01_VOB17_CELL01
VTS01_VOB13_CELL01,VTS01_LU1_PGC6,1,2,12,Previous page,316,9,332,35,12,12,12,12,LinkPGN 5,VTS01_VOB17_CELL01
VTS01_VOB13_CELL01,VTS01_LU1_PGC6,1,2,13,Next page,119,377,149,410,13,13,13,13,LinkPGN 2,VTS01_VOB14_CELL01
VTS01_VOB13_CELL01,VTS01_LU1_PGC6,1,2,14,Next page,342,429,387,463,14,14,14,14,LinkPGN 2,VTS01_VOB14_CELL01
VTS01_VOB14_CELL01,VTS01_LU1_PGC6,1,1,1,Chapter 5,176,38,319,163,11,3,2,2,JumpVTS_PTT title=1 chapter=5,Title1:Chapter5
VTS01_VOB14_CELL01,VTS01_LU1_PGC6,1,1,2,Chapter 6,338,18,602,204,12,4,1,1,JumpVTS_PTT title=1 chapter=6,Title1:Chapter6
VTS01_VOB14_CELL01,VTS01_LU1_PGC6,1,1,3,Chapter 7,123,191,234,304,1,13,10,4,JumpVTS_PTT title=1 chapter=7,Title1:Chapter7
VTS01_VOB14_CELL01,VTS01_LU1_PGC6,1,1,4,Chapter 8,241,205,500,407,2,14,3,10,JumpVTS_PTT title=1 chapter=8,Title1:Chapter8
VTS01_VOB14_CELL01,VTS01_LU1_PGC6,1,1,5,Chapters 1–4,510,236,595,284,2,6,4,3,LinkPGN 1,VTS01_VOB13_CELL01
VTS01_VOB14_CELL01,VTS01_LU1_PGC6,1,1,6,Chapters 5–8,508,289,593,318,5,7,4,3,LinkPGN 2,VTS01_VOB14_CELL01
VTS01_VOB14_CELL01,VTS01_LU1_PGC6,1,1,7,Chapters 9–12,508,325,596,348,6,8,4,3,LinkPGN 3,VTS01_VOB15_CELL01
VTS01_VOB14_CELL01,VTS01_LU1_PGC6,1,1,8,Chapters 13–16,508,356,602,382,7,9,4,3,LinkPGN 4,VTS01_VOB16_CELL01
VTS01_VOB14_CELL01,VTS01_LU1_PGC6,1,1,9,Chapters 17–20,506,385,605,413,8,10,4,3,LinkPGN 5,VTS01_VOB17_CELL01
VTS01_VOB14_CELL01,VTS01_LU1_PGC6,1,1,10,Main menu,503,421,600,449,9,2,4,3,Set highlighted button 2; LinkPGCN 1,VTS01_LU1_PGC1
VTS01_VOB14_CELL01,VTS01_LU1_PGC6,1,1,11,Previous page,208,9,236,30,11,11,11,11,LinkPGN 1,VTS01_VOB13_CELL01
VTS01_VOB14_CELL01,VTS01_LU1_PGC6,1,1,12,Previous page,316,9,332,35,12,12,12,12,LinkPGN 1,VTS01_VOB13_CELL01
VTS01_VOB14_CELL01,VTS01_LU1_PGC6,1,1,13,Next page,119,377,149,410,13,13,13,13,LinkPGN 3,VTS01_VOB15_CELL01
VTS01_VOB14_CELL01,VTS01_LU1_PGC6,1,1,14,Next page,342,429,387,463,14,14,14,14,LinkPGN 3,VTS01_VOB15_CELL01
VTS01_VOB14_CELL01,VTS01_LU1_PGC6,1,2,1,Chapter 5,144,43,287,168,11,3,2,2,JumpVTS_PTT title=1 chapter=5,Title1:Chapter5
VTS01_VOB14_CELL01,VTS01_LU1_PGC6,1,2,2,Chapter 6,338,18,690,204,12,4,1,1,JumpVTS_PTT title=1 chapter=6,Title1:Chapter6
VTS01_VOB14_CELL01,VTS01_LU1_PGC6,1,2,3,Chapter 7,43,191,193,304,1,13,10,4,JumpVTS_PTT title=1 chapter=7,Title1:Chapter7
VTS01_VOB14_CELL01,VTS01_LU1_PGC6,1,2,4,Chapter 8,200,205,560,407,2,14,3,10,JumpVTS_PTT title=1 chapter=8,Title1:Chapter8
VTS01_VOB14_CELL01,VTS01_LU1_PGC6,1,2,5,Chapters 1–4,574,235,659,283,2,6,4,3,LinkPGN 1,VTS01_VOB13_CELL01
VTS01_VOB14_CELL01,VTS01_LU1_PGC6,1,2,6,Chapters 5–8,576,290,661,319,5,7,4,3,LinkPGN 2,VTS01_VOB14_CELL01
VTS01_VOB14_CELL01,VTS01_LU1_PGC6,1,2,7,Chapters 9–12,573,325,661,348,6,8,4,3,LinkPGN 3,VTS01_VOB15_CELL01
VTS01_VOB14_CELL01,VTS01_LU1_PGC6,1,2,8,Chapters 13–16,568,355,662,381,7,9,4,3,LinkPGN 4,VTS01_VOB16_CELL01
VTS01_VOB14_CELL01,VTS01_LU1_PGC6,1,2,9,Chapters 17–20,568,385,667,413,8,10,4,3,LinkPGN 5,VTS01_VOB17_CELL01
VTS01_VOB14_CELL01,VTS01_LU1_PGC6,1,2,10,Main menu,567,422,664,450,9,2,4,3,Set highlighted button 2; LinkPGCN 1,VTS01_LU1_PGC1
VTS01_VOB14_CELL01,VTS01_LU1_PGC6,1,2,11,Previous page,208,9,236,30,11,11,11,11,LinkPGN 1,VTS01_VOB13_CELL01
VTS01_VOB14_CELL01,VTS01_LU1_PGC6,1,2,12,Previous page,316,9,332,35,12,12,12,12,LinkPGN 1,VTS01_VOB13_CELL01
VTS01_VOB14_CELL01,VTS01_LU1_PGC6,1,2,13,Next page,119,377,149,410,13,13,13,13,LinkPGN 3,VTS01_VOB15_CELL01
VTS01_VOB14_CELL01,VTS01_LU1_PGC6,1,2,14,Next page,342,429,387,463,14,14,14,14,LinkPGN 3,VTS01_VOB15_CELL01
VTS01_VOB15_CELL01,VTS01_LU1_PGC6,1,1,1,Chapter 9,176,38,319,163,11,3,2,2,JumpVTS_PTT title=1 chapter=9,Title1:Chapter9
VTS01_VOB15_CELL01,VTS01_LU1_PGC6,1,1,2,Chapter 10,338,18,602,204,12,4,1,1,JumpVTS_PTT title=1 chapter=10,Title1:Chapter10
VTS01_VOB15_CELL01,VTS01_LU1_PGC6,1,1,3,Chapter 11,123,191,234,304,1,13,10,4,JumpVTS_PTT title=1 chapter=11,Title1:Chapter11
VTS01_VOB15_CELL01,VTS01_LU1_PGC6,1,1,4,Chapter 12,241,205,500,407,2,14,3,10,JumpVTS_PTT title=1 chapter=12,Title1:Chapter12
VTS01_VOB15_CELL01,VTS01_LU1_PGC6,1,1,5,Chapters 1–4,510,236,595,284,2,6,4,3,LinkPGN 1,VTS01_VOB13_CELL01
VTS01_VOB15_CELL01,VTS01_LU1_PGC6,1,1,6,Chapters 5–8,508,289,593,318,5,7,4,3,LinkPGN 2,VTS01_VOB14_CELL01
VTS01_VOB15_CELL01,VTS01_LU1_PGC6,1,1,7,Chapters 9–12,508,325,596,348,6,8,4,3,LinkPGN 3,VTS01_VOB15_CELL01
VTS01_VOB15_CELL01,VTS01_LU1_PGC6,1,1,8,Chapters 13–16,508,356,602,382,7,9,4,3,LinkPGN 4,VTS01_VOB16_CELL01
VTS01_VOB15_CELL01,VTS01_LU1_PGC6,1,1,9,Chapters 17–20,506,385,605,413,8,10,4,3,LinkPGN 5,VTS01_VOB17_CELL01
VTS01_VOB15_CELL01,VTS01_LU1_PGC6,1,1,10,Main menu,503,421,600,449,9,2,4,3,Set highlighted button 2; LinkPGCN 1,VTS01_LU1_PGC1
VTS01_VOB15_CELL01,VTS01_LU1_PGC6,1,1,11,Previous page,208,9,236,30,11,11,11,11,LinkPGN 2,VTS01_VOB14_CELL01
VTS01_VOB15_CELL01,VTS01_LU1_PGC6,1,1,12,Previous page,316,9,332,35,12,12,12,12,LinkPGN 2,VTS01_VOB14_CELL01
VTS01_VOB15_CELL01,VTS01_LU1_PGC6,1,1,13,Next page,119,377,149,410,13,13,13,13,LinkPGN 4,VTS01_VOB16_CELL01
VTS01_VOB15_CELL01,VTS01_LU1_PGC6,1,1,14,Next page,342,429,387,463,14,14,14,14,LinkPGN 4,VTS01_VOB16_CELL01
VTS01_VOB15_CELL01,VTS01_LU1_PGC6,1,2,1,Chapter 9,144,43,287,168,11,3,2,2,JumpVTS_PTT title=1 chapter=9,Title1:Chapter9
VTS01_VOB15_CELL01,VTS01_LU1_PGC6,1,2,2,Chapter 10,338,18,690,204,12,4,1,1,JumpVTS_PTT title=1 chapter=10,Title1:Chapter10
VTS01_VOB15_CELL01,VTS01_LU1_PGC6,1,2,3,Chapter 11,43,191,193,304,1,13,10,4,JumpVTS_PTT title=1 chapter=11,Title1:Chapter11
VTS01_VOB15_CELL01,VTS01_LU1_PGC6,1,2,4,Chapter 12,200,205,560,407,2,14,3,10,JumpVTS_PTT title=1 chapter=12,Title1:Chapter12
VTS01_VOB15_CELL01,VTS01_LU1_PGC6,1,2,5,Chapters 1–4,574,235,659,283,2,6,4,3,LinkPGN 1,VTS01_VOB13_CELL01
VTS01_VOB15_CELL01,VTS01_LU1_PGC6,1,2,6,Chapters 5–8,576,290,661,319,5,7,4,3,LinkPGN 2,VTS01_VOB14_CELL01
VTS01_VOB15_CELL01,VTS01_LU1_PGC6,1,2,7,Chapters 9–12,573,325,661,348,6,8,4,3,LinkPGN 3,VTS01_VOB15_CELL01
VTS01_VOB15_CELL01,VTS01_LU1_PGC6,1,2,8,Chapters 13–16,568,355,662,381,7,9,4,3,LinkPGN 4,VTS01_VOB16_CELL01
VTS01_VOB15_CELL01,VTS01_LU1_PGC6,1,2,9,Chapters 17–20,568,385,667,413,8,10,4,3,LinkPGN 5,VTS01_VOB17_CELL01
VTS01_VOB15_CELL01,VTS01_LU1_PGC6,1,2,10,Main menu,567,422,664,450,9,2,4,3,Set highlighted button 2; LinkPGCN 1,VTS01_LU1_PGC1
VTS01_VOB15_CELL01,VTS01_LU1_PGC6,1,2,11,Previous page,208,9,236,30,11,11,11,11,LinkPGN 2,VTS01_VOB14_CELL01
VTS01_VOB15_CELL01,VTS01_LU1_PGC6,1,2,12,Previous page,316,9,332,35,12,12,12,12,LinkPGN 2,VTS01_VOB14_CELL01
VTS01_VOB15_CELL01,VTS01_LU1_PGC6,1,2,13,Next page,119,377,149,410,13,13,13,13,LinkPGN 4,VTS01_VOB16_CELL01
VTS01_VOB15_CELL01,VTS01_LU1_PGC6,1,2,14,Next page,342,429,387,463,14,14,14,14,LinkPGN 4,VTS01_VOB16_CELL01
VTS01_VOB16_CELL01,VTS01_LU1_PGC6,1,1,1,Chapter 13,176,38,319,163,11,3,2,2,JumpVTS_PTT title=1 chapter=13,Title1:Chapter13
VTS01_VOB16_CELL01,VTS01_LU1_PGC6,1,1,2,Chapter 14,338,18,602,204,12,4,1,1,JumpVTS_PTT title=1 chapter=14,Title1:Chapter14
VTS01_VOB16_CELL01,VTS01_LU1_PGC6,1,1,3,Chapter 15,123,191,234,304,1,13,10,4,JumpVTS_PTT title=1 chapter=15,Title1:Chapter15
VTS01_VOB16_CELL01,VTS01_LU1_PGC6,1,1,4,Chapter 16,241,205,500,407,2,14,3,10,JumpVTS_PTT title=1 chapter=16,Title1:Chapter16
VTS01_VOB16_CELL01,VTS01_LU1_PGC6,1,1,5,Chapters 1–4,510,236,595,284,2,6,4,3,LinkPGN 1,VTS01_VOB13_CELL01
VTS01_VOB16_CELL01,VTS01_LU1_PGC6,1,1,6,Chapters 5–8,508,289,593,318,5,7,4,3,LinkPGN 2,VTS01_VOB14_CELL01
VTS01_VOB16_CELL01,VTS01_LU1_PGC6,1,1,7,Chapters 9–12,508,325,596,348,6,8,4,3,LinkPGN 3,VTS01_VOB15_CELL01
VTS01_VOB16_CELL01,VTS01_LU1_PGC6,1,1,8,Chapters 13–16,508,356,602,382,7,9,4,3,LinkPGN 4,VTS01_VOB16_CELL01
VTS01_VOB16_CELL01,VTS01_LU1_PGC6,1,1,9,Chapters 17–20,506,385,605,413,8,10,4,3,LinkPGN 5,VTS01_VOB17_CELL01
VTS01_VOB16_CELL01,VTS01_LU1_PGC6,1,1,10,Main menu,503,421,600,449,9,2,4,3,Set highlighted button 2; LinkPGCN 1,VTS01_LU1_PGC1
VTS01_VOB16_CELL01,VTS01_LU1_PGC6,1,1,11,Previous page,208,9,236,30,11,11,11,11,LinkPGN 3,VTS01_VOB15_CELL01
VTS01_VOB16_CELL01,VTS01_LU1_PGC6,1,1,12,Previous page,316,9,332,35,12,12,12,12,LinkPGN 3,VTS01_VOB15_CELL01
VTS01_VOB16_CELL01,VTS01_LU1_PGC6,1,1,13,Next page,119,377,149,410,13,13,13,13,LinkPGN 5,VTS01_VOB17_CELL01
VTS01_VOB16_CELL01,VTS01_LU1_PGC6,1,1,14,Next page,342,429,387,463,14,14,14,14,LinkPGN 5,VTS01_VOB17_CELL01
VTS01_VOB16_CELL01,VTS01_LU1_PGC6,1,2,1,Chapter 13,144,43,287,168,11,3,2,2,JumpVTS_PTT title=1 chapter=13,Title1:Chapter13
VTS01_VOB16_CELL01,VTS01_LU1_PGC6,1,2,2,Chapter 14,338,18,690,204,12,4,1,1,JumpVTS_PTT title=1 chapter=14,Title1:Chapter14
VTS01_VOB16_CELL01,VTS01_LU1_PGC6,1,2,3,Chapter 15,43,191,193,304,1,13,10,4,JumpVTS_PTT title=1 chapter=15,Title1:Chapter15
VTS01_VOB16_CELL01,VTS01_LU1_PGC6,1,2,4,Chapter 16,200,205,560,407,2,14,3,10,JumpVTS_PTT title=1 chapter=16,Title1:Chapter16
VTS01_VOB16_CELL01,VTS01_LU1_PGC6,1,2,5,Chapters 1–4,574,235,659,283,2,6,4,3,LinkPGN 1,VTS01_VOB13_CELL01
VTS01_VOB16_CELL01,VTS01_LU1_PGC6,1,2,6,Chapters 5–8,576,290,661,319,5,7,4,3,LinkPGN 2,VTS01_VOB14_CELL01
VTS01_VOB16_CELL01,VTS01_LU1_PGC6,1,2,7,Chapters 9–12,573,325,661,348,6,8,4,3,LinkPGN 3,VTS01_VOB15_CELL01
VTS01_VOB16_CELL01,VTS01_LU1_PGC6,1,2,8,Chapters 13–16,568,355,662,381,7,9,4,3,LinkPGN 4,VTS01_VOB16_CELL01
VTS01_VOB16_CELL01,VTS01_LU1_PGC6,1,2,9,Chapters 17–20,568,385,667,413,8,10,4,3,LinkPGN 5,VTS01_VOB17_CELL01
VTS01_VOB16_CELL01,VTS01_LU1_PGC6,1,2,10,Main menu,567,422,664,450,9,2,4,3,Set highlighted button 2; LinkPGCN 1,VTS01_LU1_PGC1
VTS01_VOB16_CELL01,VTS01_LU1_PGC6,1,2,11,Previous page,208,9,236,30,11,11,11,11,LinkPGN 3,VTS01_VOB15_CELL01
VTS01_VOB16_CELL01,VTS01_LU1_PGC6,1,2,12,Previous page,316,9,332,35,12,12,12,12,LinkPGN 3,VTS01_VOB15_CELL01
VTS01_VOB16_CELL01,VTS01_LU1_PGC6,1,2,13,Next page,119,377,149,410,13,13,13,13,LinkPGN 5,VTS01_VOB17_CELL01
VTS01_VOB16_CELL01,VTS01_LU1_PGC6,1,2,14,Next page,342,429,387,463,14,14,14,14,LinkPGN 5,VTS01_VOB17_CELL01
VTS01_VOB17_CELL01,VTS01_LU1_PGC6,1,1,1,Chapter 17,176,38,319,163,11,3,2,2,JumpVTS_PTT title=1 chapter=17,Title1:Chapter17
VTS01_VOB17_CELL01,VTS01_LU1_PGC6,1,1,2,Chapter 18,338,18,602,204,12,4,1,1,JumpVTS_PTT title=1 chapter=18,Title1:Chapter18
VTS01_VOB17_CELL01,VTS01_LU1_PGC6,1,1,3,Chapter 19,123,191,234,304,1,13,10,4,JumpVTS_PTT title=1 chapter=19,Title1:Chapter19
VTS01_VOB17_CELL01,VTS01_LU1_PGC6,1,1,4,Chapter 20,241,205,500,407,2,14,3,10,JumpVTS_PTT title=1 chapter=20,Title1:Chapter20
VTS01_VOB17_CELL01,VTS01_LU1_PGC6,1,1,5,Chapters 1–4,510,236,595,284,2,6,4,3,LinkPGN 1,VTS01_VOB13_CELL01
VTS01_VOB17_CELL01,VTS01_LU1_PGC6,1,1,6,Chapters 5–8,508,289,593,318,5,7,4,3,LinkPGN 2,VTS01_VOB14_CELL01
VTS01_VOB17_CELL01,VTS01_LU1_PGC6,1,1,7,Chapters 9–12,508,325,596,348,6,8,4,3,LinkPGN 3,VTS01_VOB15_CELL01
VTS01_VOB17_CELL01,VTS01_LU1_PGC6,1,1,8,Chapters 13–16,508,356,602,382,7,9,4,3,LinkPGN 4,VTS01_VOB16_CELL01
VTS01_VOB17_CELL01,VTS01_LU1_PGC6,1,1,9,Chapters 17–20,506,385,605,413,8,10,4,3,LinkPGN 5,VTS01_VOB17_CELL01
VTS01_VOB17_CELL01,VTS01_LU1_PGC6,1,1,10,Main menu,503,421,600,449,9,2,4,3,Set highlighted button 2; LinkPGCN 1,VTS01_LU1_PGC1
VTS01_VOB17_CELL01,VTS01_LU1_PGC6,1,1,11,Previous page,208,9,236,30,11,11,11,11,LinkPGN 4,VTS01_VOB16_CELL01
VTS01_VOB17_CELL01,VTS01_LU1_PGC6,1,1,12,Previous page,316,9,332,35,12,12,12,12,LinkPGN 4,VTS01_VOB16_CELL01
VTS01_VOB17_CELL01,VTS01_LU1_PGC6,1,1,13,Next page,119,377,149,410,13,13,13,13,LinkPGN 1,VTS01_VOB13_CELL01
VTS01_VOB17_CELL01,VTS01_LU1_PGC6,1,1,14,Next page,342,429,387,463,14,14,14,14,LinkPGN 1,VTS01_VOB13_CELL01
VTS01_VOB17_CELL01,VTS01_LU1_PGC6,1,2,1,Chapter 17,144,43,287,168,11,3,2,2,JumpVTS_PTT title=1 chapter=17,Title1:Chapter17
VTS01_VOB17_CELL01,VTS01_LU1_PGC6,1,2,2,Chapter 18,338,18,690,204,12,4,1,1,JumpVTS_PTT title=1 chapter=18,Title1:Chapter18
VTS01_VOB17_CELL01,VTS01_LU1_PGC6,1,2,3,Chapter 19,43,191,193,304,1,13,10,4,JumpVTS_PTT title=1 chapter=19,Title1:Chapter19
VTS01_VOB17_CELL01,VTS01_LU1_PGC6,1,2,4,Chapter 20,200,205,560,407,2,14,3,10,JumpVTS_PTT title=1 chapter=20,Title1:Chapter20
VTS01_VOB17_CELL01,VTS01_LU1_PGC6,1,2,5,Chapters 1–4,574,235,659,283,2,6,4,3,LinkPGN 1,VTS01_VOB13_CELL01
VTS01_VOB17_CELL01,VTS01_LU1_PGC6,1,2,6,Chapters 5–8,576,290,661,319,5,7,4,3,LinkPGN 2,VTS01_VOB14_CELL01
VTS01_VOB17_CELL01,VTS01_LU1_PGC6,1,2,7,Chapters 9–12,573,325,661,348,6,8,4,3,LinkPGN 3,VTS01_VOB15_CELL01
VTS01_VOB17_CELL01,VTS01_LU1_PGC6,1,2,8,Chapters 13–16,568,355,662,381,7,9,4,3,LinkPGN 4,VTS01_VOB16_CELL01
VTS01_VOB17_CELL01,VTS01_LU1_PGC6,1,2,9,Chapters 17–20,568,385,667,413,8,10,4,3,LinkPGN 5,VTS01_VOB17_CELL01
VTS01_VOB17_CELL01,VTS01_LU1_PGC6,1,2,10,Main menu,567,422,664,450,9,2,4,3,Set highlighted button 2; LinkPGCN 1,VTS01_LU1_PGC1
VTS01_VOB17_CELL01,VTS01_LU1_PGC6,1,2,11,Previous page,208,9,236,30,11,11,11,11,LinkPGN 4,VTS01_VOB16_CELL01
VTS01_VOB17_CELL01,VTS01_LU1_PGC6,1,2,12,Previous page,316,9,332,35,12,12,12,12,LinkPGN 4,VTS01_VOB16_CELL01
VTS01_VOB17_CELL01,VTS01_LU1_PGC6,1,2,13,Next page,119,377,149,410,13,13,13,13,LinkPGN 1,VTS01_VOB13_CELL01
VTS01_VOB17_CELL01,VTS01_LU1_PGC6,1,2,14,Next page,342,429,387,463,14,14,14,14,LinkPGN 1,VTS01_VOB13_CELL01
VTS01_VOB08_CELL01,VTS01_LU1_PGC7,1,1,1,Visual effects reel,252,161,612,207,3,2,3,2,GPRM5 = 1; LinkTailPGC (button 1),VTS01_LU1_PGC7:TailPGC
VTS01_VOB08_CELL01,VTS01_LU1_PGC7,1,1,2,Audio commentary,254,209,607,248,1,3,1,3,LinkPGCN 8,VTS01_LU1_PGC8
VTS01_VOB08_CELL01,VTS01_LU1_PGC7,1,1,3,Main menu,262,260,663,350,2,1,2,1,Set highlighted button 8; LinkPGCN 13,VTS01_LU1_PGC13
VTS01_VOB08_CELL01,VTS01_LU1_PGC7,1,2,1,Visual effects reel,252,161,612,207,3,2,3,2,GPRM5 = 1; LinkTailPGC (button 1),VTS01_LU1_PGC7:TailPGC
VTS01_VOB08_CELL01,VTS01_LU1_PGC7,1,2,2,Audio commentary,254,209,607,248,1,3,1,3,LinkPGCN 8,VTS01_LU1_PGC8
VTS01_VOB08_CELL01,VTS01_LU1_PGC7,1,2,3,Main menu,262,260,663,350,2,1,2,1,Set highlighted button 8; LinkPGCN 13,VTS01_LU1_PGC13
VTS01_VOB19_CELL01,VTS01_LU1_PGC7,1,1,1,Visual effects reel,281,218,661,279,4,2,4,2,GPRM5 = 1; LinkTailPGC (button 1),VTS01_LU1_PGC7:TailPGC
VTS01_VOB19_CELL01,VTS01_LU1_PGC7,1,1,2,Audio commentary,282,282,631,313,1,3,1,3,LinkPGCN 8,VTS01_LU1_PGC8
VTS01_VOB19_CELL01,VTS01_LU1_PGC7,1,1,3,Character selection,284,319,630,364,2,4,2,4,GPRM7 = 99; LinkTailPGC (button 0),VTS01_LU1_PGC7:TailPGC
VTS01_VOB19_CELL01,VTS01_LU1_PGC7,1,1,4,Main menu,328,401,647,464,3,1,3,1,Set highlighted button 3; LinkPGCN 1,VTS01_LU1_PGC1
VTS01_VOB19_CELL01,VTS01_LU1_PGC7,1,2,1,Visual effects reel,281,218,661,279,4,2,4,2,GPRM5 = 1; LinkTailPGC (button 1),VTS01_LU1_PGC7:TailPGC
VTS01_VOB19_CELL01,VTS01_LU1_PGC7,1,2,2,Audio commentary,282,282,631,313,1,3,1,3,LinkPGCN 8,VTS01_LU1_PGC8
VTS01_VOB19_CELL01,VTS01_LU1_PGC7,1,2,3,Character selection,284,319,630,364,2,4,2,4,GPRM7 = 99; LinkTailPGC (button 0),VTS01_LU1_PGC7:TailPGC
VTS01_VOB19_CELL01,VTS01_LU1_PGC7,1,2,4,Main menu,328,401,647,464,3,1,3,1,Set highlighted button 3; LinkPGCN 1,VTS01_LU1_PGC1
VTS01_VOB10_CELL01,VTS01_LU1_PGC8,1,1,1,Commentary on,246,185,651,240,3,2,3,2,LinkPGCN 9,VTS01_LU1_PGC9
VTS01_VOB10_CELL01,VTS01_LU1_PGC8,1,1,2,Commentary off,247,241,618,269,1,3,1,3,LinkTailPGC (button 1),VTS01_LU1_PGC8:TailPGC
VTS01_VOB10_CELL01,VTS01_LU1_PGC8,1,1,3,Bonus features,276,272,647,353,2,1,2,1,Set highlighted button 2; LinkPGCN 7,VTS01_LU1_PGC7
VTS01_VOB10_CELL01,VTS01_LU1_PGC8,1,2,1,Commentary on,246,185,651,240,3,2,3,2,LinkPGCN 9,VTS01_LU1_PGC9
VTS01_VOB10_CELL01,VTS01_LU1_PGC8,1,2,2,Commentary off,247,241,689,269,1,3,1,3,LinkTailPGC (button 1),VTS01_LU1_PGC8:TailPGC
VTS01_VOB10_CELL01,VTS01_LU1_PGC8,1,2,3,Bonus features,276,272,647,353,2,1,2,1,Set highlighted button 2; LinkPGCN 7,VTS01_LU1_PGC7
VTS01_VOB25_CELL01,VTS01_LU1_PGC8,1,1,1,Commentary on,369,304,453,380,3,3,2,2,LinkPGCN 9,VTS01_LU1_PGC9
VTS01_VOB25_CELL01,VTS01_LU1_PGC8,1,1,2,Commentary off,457,305,513,383,3,3,1,1,LinkTailPGC (button 1),VTS01_LU1_PGC8:TailPGC
VTS01_VOB25_CELL01,VTS01_LU1_PGC8,1,1,3,Bonus features,466,402,637,458,1,1,1,2,Set highlighted button 2; LinkPGCN 7,VTS01_LU1_PGC7
VTS01_VOB25_CELL01,VTS01_LU1_PGC8,1,2,1,Commentary on,400,309,484,385,3,3,2,2,LinkPGCN 9,VTS01_LU1_PGC9
VTS01_VOB25_CELL01,VTS01_LU1_PGC8,1,2,2,Commentary off,487,306,543,384,3,3,1,1,LinkTailPGC (button 1),VTS01_LU1_PGC8:TailPGC
VTS01_VOB25_CELL01,VTS01_LU1_PGC8,1,2,3,Bonus features,484,402,655,458,1,1,1,2,Set highlighted button 2; LinkPGCN 7,VTS01_LU1_PGC7
VTS01_VOB11_CELL01,VTS01_LU1_PGC10,1,1,1,Set up,225,268,681,334,1,1,1,1,Set highlighted button 2; LinkPGCN 2,VTS01_LU1_PGC2
VTS01_VOB11_CELL01,VTS01_LU1_PGC10,1,2,1,Set up,225,268,681,334,1,1,1,1,Set highlighted button 2; LinkPGCN 2,VTS01_LU1_PGC2
VTS01_VOB22_CELL01,VTS01_LU1_PGC10,1,1,1,Set up,435,356,616,457,1,1,1,1,Set highlighted button 2; LinkPGCN 2,VTS01_LU1_PGC2
VTS01_VOB22_CELL01,VTS01_LU1_PGC10,1,2,1,Set up,472,359,653,460,1,1,1,1,Set highlighted button 2; LinkPGCN 2,VTS01_LU1_PGC2
VTS01_VOB40_CELL01,VTS01_LU1_PGC13,1,1,1,Character,410,56,609,109,9,2,9,2,GPRM9 = 201; LinkPGCN 16,VTS01_LU1_PGC16
VTS01_VOB40_CELL01,VTS01_LU1_PGC13,1,1,2,Shirt,407,111,618,144,1,3,1,3,GPRM9 = 102; LinkPGN 4,VTS01_VOB43_CELL01
VTS01_VOB40_CELL01,VTS01_LU1_PGC13,1,1,3,Weapon,403,146,605,179,2,4,2,4,GPRM9 = 104; LinkPGN 6,VTS01_VOB45_CELL01
VTS01_VOB40_CELL01,VTS01_LU1_PGC13,1,1,4,Activate,402,184,637,219,3,5,3,5,LinkPGCN 14,VTS01_LU1_PGC14
VTS01_VOB40_CELL01,VTS01_LU1_PGC13,1,1,5,Instructions,401,223,623,260,4,6,4,6,LinkPGCN 15,VTS01_LU1_PGC15
VTS01_VOB40_CELL01,VTS01_LU1_PGC13,1,1,6,Play,404,266,617,296,5,7,5,7,LinkPGCN 11,VTS01_LU1_PGC11
VTS01_VOB40_CELL01,VTS01_LU1_PGC13,1,1,7,Scene selection,391,300,601,343,6,8,6,8,Set highlighted button 1; LinkPGCN 5,VTS01_LU1_PGC5
VTS01_VOB40_CELL01,VTS01_LU1_PGC13,1,1,8,Bonus features,389,348,608,389,7,9,7,9,GPRM4 = 1; LinkPGCN 7,VTS01_LU1_PGC7
VTS01_VOB40_CELL01,VTS01_LU1_PGC13,1,1,9,Set up,392,392,619,434,8,1,8,1,Set highlighted button 1; LinkPGCN 2,VTS01_LU1_PGC2
VTS01_VOB40_CELL01,VTS01_LU1_PGC13,1,2,1,Character,432,57,631,110,9,2,9,2,GPRM9 = 201; LinkPGCN 16,VTS01_LU1_PGC16
VTS01_VOB40_CELL01,VTS01_LU1_PGC13,1,2,2,Shirt,407,111,618,144,1,3,1,3,GPRM9 = 102; LinkPGN 4,VTS01_VOB43_CELL01
VTS01_VOB40_CELL01,VTS01_LU1_PGC13,1,2,3,Weapon,416,146,618,179,2,4,2,4,GPRM9 = 104; LinkPGN 6,VTS01_VOB45_CELL01
VTS01_VOB40_CELL01,VTS01_LU1_PGC13,1,2,4,Activate,402,184,637,219,3,5,3,5,LinkPGCN 14,VTS01_LU1_PGC14
VTS01_VOB40_CELL01,VTS01_LU1_PGC13,1,2,5,Instructions,426,223,648,260,4,6,4,6,LinkPGCN 15,VTS01_LU1_PGC15
VTS01_VOB40_CELL01,VTS01_LU1_PGC13,1,2,6,Play,404,266,617,296,5,7,5,7,LinkPGCN 11,VTS01_LU1_PGC11
VTS01_VOB40_CELL01,VTS01_LU1_PGC13,1,2,7,Scene selection,422,301,632,344,6,8,6,8,Set highlighted button 1; LinkPGCN 5,VTS01_LU1_PGC5
VTS01_VOB40_CELL01,VTS01_LU1_PGC13,1,2,8,Bonus features,426,348,645,389,7,9,7,9,GPRM4 = 1; LinkPGCN 7,VTS01_LU1_PGC7
VTS01_VOB40_CELL01,VTS01_LU1_PGC13,1,2,9,Set up,392,392,619,434,8,1,8,1,Set highlighted button 1; LinkPGCN 2,VTS01_LU1_PGC2
VTS01_VOB43_CELL01,VTS01_LU1_PGC13,1,1,1,Character,410,56,609,109,9,2,9,2,GPRM9 = 201; LinkPGCN 16,VTS01_LU1_PGC16
VTS01_VOB43_CELL01,VTS01_LU1_PGC13,1,1,2,Shirt,407,111,618,144,1,3,1,3,GPRM9 = 103; LinkPGN 5,VTS01_VOB44_CELL01
VTS01_VOB43_CELL01,VTS01_LU1_PGC13,1,1,3,Weapon,403,146,605,179,2,4,2,4,GPRM9 = 105; LinkPGN 7,VTS01_VOB46_CELL01
VTS01_VOB43_CELL01,VTS01_LU1_PGC13,1,1,4,Activate,402,184,637,219,3,5,3,5,LinkPGCN 14,VTS01_LU1_PGC14
VTS01_VOB43_CELL01,VTS01_LU1_PGC13,1,1,5,Instructions,401,223,623,260,4,6,4,6,LinkPGCN 15,VTS01_LU1_PGC15
VTS01_VOB43_CELL01,VTS01_LU1_PGC13,1,1,6,Play,404,266,617,296,5,7,5,7,LinkPGCN 11,VTS01_LU1_PGC11
VTS01_VOB43_CELL01,VTS01_LU1_PGC13,1,1,7,Scene selection,391,300,601,343,6,8,6,8,Set highlighted button 1; LinkPGCN 5,VTS01_LU1_PGC5
VTS01_VOB43_CELL01,VTS01_LU1_PGC13,1,1,8,Bonus features,389,348,608,389,7,9,7,9,GPRM4 = 1; LinkPGCN 7,VTS01_LU1_PGC7
VTS01_VOB43_CELL01,VTS01_LU1_PGC13,1,1,9,Set up,392,392,619,434,8,1,8,1,Set highlighted button 1; LinkPGCN 2,VTS01_LU1_PGC2
VTS01_VOB43_CELL01,VTS01_LU1_PGC13,1,2,1,Character,432,57,631,110,9,2,9,2,GPRM9 = 201; LinkPGCN 16,VTS01_LU1_PGC16
VTS01_VOB43_CELL01,VTS01_LU1_PGC13,1,2,2,Shirt,407,111,618,144,1,3,1,3,GPRM9 = 103; LinkPGN 5,VTS01_VOB44_CELL01
VTS01_VOB43_CELL01,VTS01_LU1_PGC13,1,2,3,Weapon,416,146,618,179,2,4,2,4,GPRM9 = 105; LinkPGN 7,VTS01_VOB46_CELL01
VTS01_VOB43_CELL01,VTS01_LU1_PGC13,1,2,4,Activate,402,184,637,219,3,5,3,5,LinkPGCN 14,VTS01_LU1_PGC14
VTS01_VOB43_CELL01,VTS01_LU1_PGC13,1,2,5,Instructions,426,223,648,260,4,6,4,6,LinkPGCN 15,VTS01_LU1_PGC15
VTS01_VOB43_CELL01,VTS01_LU1_PGC13,1,2,6,Play,404,266,617,296,5,7,5,7,LinkPGCN 11,VTS01_LU1_PGC11
VTS01_VOB43_CELL01,VTS01_LU1_PGC13,1,2,7,Scene selection,422,301,632,344,6,8,6,8,Set highlighted button 1; LinkPGCN 5,VTS01_LU1_PGC5
VTS01_VOB43_CELL01,VTS01_LU1_PGC13,1,2,8,Bonus features,426,348,645,389,7,9,7,9,GPRM4 = 1; LinkPGCN 7,VTS01_LU1_PGC7
VTS01_VOB43_CELL01,VTS01_LU1_PGC13,1,2,9,Set up,392,392,619,434,8,1,8,1,Set highlighted button 1; LinkPGCN 2,VTS01_LU1_PGC2
VTS01_VOB44_CELL01,VTS01_LU1_PGC13,1,1,1,Character,410,56,609,109,9,2,9,2,GPRM9 = 201; LinkPGCN 16,VTS01_LU1_PGC16
VTS01_VOB44_CELL01,VTS01_LU1_PGC13,1,1,2,Shirt,407,111,618,144,1,3,1,3,GPRM9 = 101; LinkPGN 3,VTS01_VOB40_CELL01
VTS01_VOB44_CELL01,VTS01_LU1_PGC13,1,1,3,Weapon,403,146,605,179,2,4,2,4,GPRM9 = 106; LinkPGN 8,VTS01_VOB47_CELL01
VTS01_VOB44_CELL01,VTS01_LU1_PGC13,1,1,4,Activate,402,184,637,219,3,5,3,5,LinkPGCN 14,VTS01_LU1_PGC14
VTS01_VOB44_CELL01,VTS01_LU1_PGC13,1,1,5,Instructions,401,223,623,260,4,6,4,6,LinkPGCN 15,VTS01_LU1_PGC15
VTS01_VOB44_CELL01,VTS01_LU1_PGC13,1,1,6,Play,404,266,617,296,5,7,5,7,LinkPGCN 11,VTS01_LU1_PGC11
VTS01_VOB44_CELL01,VTS01_LU1_PGC13,1,1,7,Scene selection,391,300,601,343,6,8,6,8,Set highlighted button 1; LinkPGCN 5,VTS01_LU1_PGC5
VTS01_VOB44_CELL01,VTS01_LU1_PGC13,1,1,8,Bonus features,389,348,608,389,7,9,7,9,GPRM4 = 1; LinkPGCN 7,VTS01_LU1_PGC7
VTS01_VOB44_CELL01,VTS01_LU1_PGC13,1,1,9,Set up,392,392,619,434,8,1,8,1,Set highlighted button 1; LinkPGCN 2,VTS01_LU1_PGC2
VTS01_VOB44_CELL01,VTS01_LU1_PGC13,1,2,1,Character,432,57,631,110,9,2,9,2,GPRM9 = 201; LinkPGCN 16,VTS01_LU1_PGC16
VTS01_VOB44_CELL01,VTS01_LU1_PGC13,1,2,2,Shirt,407,111,618,144,1,3,1,3,GPRM9 = 101; LinkPGN 3,VTS01_VOB40_CELL01
VTS01_VOB44_CELL01,VTS01_LU1_PGC13,1,2,3,Weapon,416,146,618,179,2,4,2,4,GPRM9 = 106; LinkPGN 8,VTS01_VOB47_CELL01
VTS01_VOB44_CELL01,VTS01_LU1_PGC13,1,2,4,Activate,402,184,637,219,3,5,3,5,LinkPGCN 14,VTS01_LU1_PGC14
VTS01_VOB44_CELL01,VTS01_LU1_PGC13,1,2,5,Instructions,426,223,648,260,4,6,4,6,LinkPGCN 15,VTS01_LU1_PGC15
VTS01_VOB44_CELL01,VTS01_LU1_PGC13,1,2,6,Play,404,266,617,296,5,7,5,7,LinkPGCN 11,VTS01_LU1_PGC11
VTS01_VOB44_CELL01,VTS01_LU1_PGC13,1,2,7,Scene selection,422,301,632,344,6,8,6,8,Set highlighted button 1; LinkPGCN 5,VTS01_LU1_PGC5
VTS01_VOB44_CELL01,VTS01_LU1_PGC13,1,2,8,Bonus features,426,348,645,389,7,9,7,9,GPRM4 = 1; LinkPGCN 7,VTS01_LU1_PGC7
VTS01_VOB44_CELL01,VTS01_LU1_PGC13,1,2,9,Set up,392,392,619,434,8,1,8,1,Set highlighted button 1; LinkPGCN 2,VTS01_LU1_PGC2
VTS01_VOB45_CELL01,VTS01_LU1_PGC13,1,1,1,Character,410,56,609,109,9,2,9,2,GPRM9 = 201; LinkPGCN 1,VTS01_LU1_PGC1
VTS01_VOB45_CELL01,VTS01_LU1_PGC13,1,1,2,Shirt,407,111,618,144,1,3,1,3,GPRM9 = 105; LinkPGN 7,VTS01_VOB46_CELL01
VTS01_VOB45_CELL01,VTS01_LU1_PGC13,1,1,3,Weapon,403,146,605,179,2,4,2,4,GPRM9 = 107; LinkPGN 9,VTS01_VOB48_CELL01
VTS01_VOB45_CELL01,VTS01_LU1_PGC13,1,1,4,Activate,402,184,637,219,3,5,3,5,LinkPGCN 14,VTS01_LU1_PGC14
VTS01_VOB45_CELL01,VTS01_LU1_PGC13,1,1,5,Instructions,401,223,623,260,4,6,4,6,LinkPGCN 15,VTS01_LU1_PGC15
VTS01_VOB45_CELL01,VTS01_LU1_PGC13,1,1,6,Play,404,266,617,296,5,7,5,7,LinkPGCN 11,VTS01_LU1_PGC11
VTS01_VOB45_CELL01,VTS01_LU1_PGC13,1,1,7,Scene selection,391,300,601,343,6,8,6,8,Set highlighted button 1; LinkPGCN 5,VTS01_LU1_PGC5
VTS01_VOB45_CELL01,VTS01_LU1_PGC13,1,1,8,Bonus features,389,348,608,389,7,9,7,9,GPRM4 = 1; LinkPGCN 7,VTS01_LU1_PGC7
VTS01_VOB45_CELL01,VTS01_LU1_PGC13,1,1,9,Set up,392,392,619,434,8,1,8,1,Set highlighted button 1; LinkPGCN 2,VTS01_LU1_PGC2
VTS01_VOB45_CELL01,VTS01_LU1_PGC13,1,2,1,Character,432,57,631,110,9,2,9,2,GPRM9 = 201; LinkPGCN 1,VTS01_LU1_PGC1
VTS01_VOB45_CELL01,VTS01_LU1_PGC13,1,2,2,Shirt,407,111,618,144,1,3,1,3,GPRM9 = 105; LinkPGN 7,VTS01_VOB46_CELL01
VTS01_VOB45_CELL01,VTS01_LU1_PGC13,1,2,3,Weapon,416,146,618,179,2,4,2,4,GPRM9 = 107; LinkPGN 9,VTS01_VOB48_CELL01
VTS01_VOB45_CELL01,VTS01_LU1_PGC13,1,2,4,Activate,402,184,637,219,3,5,3,5,LinkPGCN 14,VTS01_LU1_PGC14
VTS01_VOB45_CELL01,VTS01_LU1_PGC13,1,2,5,Instructions,426,223,648,260,4,6,4,6,LinkPGCN 15,VTS01_LU1_PGC15
VTS01_VOB45_CELL01,VTS01_LU1_PGC13,1,2,6,Play,404,266,617,296,5,7,5,7,LinkPGCN 11,VTS01_LU1_PGC11
VTS01_VOB45_CELL01,VTS01_LU1_PGC13,1,2,7,Scene selection,422,301,632,344,6,8,6,8,Set highlighted button 1; LinkPGCN 5,VTS01_LU1_PGC5
VTS01_VOB45_CELL01,VTS01_LU1_PGC13,1,2,8,Bonus features,426,348,645,389,7,9,7,9,GPRM4 = 1; LinkPGCN 7,VTS01_LU1_PGC7
VTS01_VOB45_CELL01,VTS01_LU1_PGC13,1,2,9,Set up,392,392,619,434,8,1,8,1,Set highlighted button 1; LinkPGCN 2,VTS01_LU1_PGC2
VTS01_VOB46_CELL01,VTS01_LU1_PGC13,1,1,1,Character,410,56,609,109,9,2,9,2,GPRM9 = 201; LinkPGCN 16,VTS01_LU1_PGC16
VTS01_VOB46_CELL01,VTS01_LU1_PGC13,1,1,2,Shirt,407,111,618,144,1,3,1,3,GPRM9 = 106; LinkPGN 8,VTS01_VOB47_CELL01
VTS01_VOB46_CELL01,VTS01_LU1_PGC13,1,1,3,Weapon,403,146,605,179,2,4,2,4,GPRM9 = 108; LinkPGN 10,VTS01_VOB49_CELL01
VTS01_VOB46_CELL01,VTS01_LU1_PGC13,1,1,4,Activate,402,184,637,219,3,5,3,5,LinkPGCN 14,VTS01_LU1_PGC14
VTS01_VOB46_CELL01,VTS01_LU1_PGC13,1,1,5,Instructions,401,223,623,260,4,6,4,6,LinkPGCN 15,VTS01_LU1_PGC15
VTS01_VOB46_CELL01,VTS01_LU1_PGC13,1,1,6,Play,404,266,617,296,5,7,5,7,LinkPGCN 11,VTS01_LU1_PGC11
VTS01_VOB46_CELL01,VTS01_LU1_PGC13,1,1,7,Scene selection,391,300,601,343,6,8,6,8,Set highlighted button 1; LinkPGCN 5,VTS01_LU1_PGC5
VTS01_VOB46_CELL01,VTS01_LU1_PGC13,1,1,8,Bonus features,389,348,608,389,7,9,7,9,GPRM4 = 1; LinkPGCN 7,VTS01_LU1_PGC7
VTS01_VOB46_CELL01,VTS01_LU1_PGC13,1,1,9,Set up,392,392,619,434,8,1,8,1,Set highlighted button 1; LinkPGCN 2,VTS01_LU1_PGC2
VTS01_VOB46_CELL01,VTS01_LU1_PGC13,1,2,1,Character,432,57,631,110,9,2,9,2,GPRM9 = 201; LinkPGCN 16,VTS01_LU1_PGC16
VTS01_VOB46_CELL01,VTS01_LU1_PGC13,1,2,2,Shirt,407,111,618,144,1,3,1,3,GPRM9 = 106; LinkPGN 8,VTS01_VOB47_CELL01
VTS01_VOB46_CELL01,VTS01_LU1_PGC13,1,2,3,Weapon,416,146,618,179,2,4,2,4,GPRM9 = 108; LinkPGN 10,VTS01_VOB49_CELL01
VTS01_VOB46_CELL01,VTS01_LU1_PGC13,1,2,4,Activate,402,184,637,219,3,5,3,5,LinkPGCN 14,VTS01_LU1_PGC14
VTS01_VOB46_CELL01,VTS01_LU1_PGC13,1,2,5,Instructions,426,223,648,260,4,6,4,6,LinkPGCN 15,VTS01_LU1_PGC15
VTS01_VOB46_CELL01,VTS01_LU1_PGC13,1,2,6,Play,404,266,617,296,5,7,5,7,LinkPGCN 11,VTS01_LU1_PGC11
VTS01_VOB46_CELL01,VTS01_LU1_PGC13,1,2,7,Scene selection,422,301,632,344,6,8,6,8,Set highlighted button 1; LinkPGCN 5,VTS01_LU1_PGC5
VTS01_VOB46_CELL01,VTS01_LU1_PGC13,1,2,8,Bonus features,426,348,645,389,7,9,7,9,GPRM4 = 1; LinkPGCN 7,VTS01_LU1_PGC7
VTS01_VOB46_CELL01,VTS01_LU1_PGC13,1,2,9,Set up,392,392,619,434,8,1,8,1,Set highlighted button 1; LinkPGCN 2,VTS01_LU1_PGC2
VTS01_VOB47_CELL01,VTS01_LU1_PGC13,1,1,1,Character,410,56,609,109,9,2,9,2,GPRM9 = 201; LinkPGCN 16,VTS01_LU1_PGC16
VTS01_VOB47_CELL01,VTS01_LU1_PGC13,1,1,2,Shirt,407,111,618,144,1,3,1,3,GPRM9 = 104; LinkPGN 6,VTS01_VOB45_CELL01
VTS01_VOB47_CELL01,VTS01_LU1_PGC13,1,1,3,Weapon,403,146,605,179,2,4,2,4,GPRM9 = 109; LinkPGN 11,VTS01_VOB50_CELL01
VTS01_VOB47_CELL01,VTS01_LU1_PGC13,1,1,4,Activate,402,184,637,219,3,5,3,5,LinkPGCN 14,VTS01_LU1_PGC14
VTS01_VOB47_CELL01,VTS01_LU1_PGC13,1,1,5,Instructions,401,223,623,260,4,6,4,6,LinkPGCN 15,VTS01_LU1_PGC15
VTS01_VOB47_CELL01,VTS01_LU1_PGC13,1,1,6,Play,404,266,617,296,5,7,5,7,LinkPGCN 11,VTS01_LU1_PGC11
VTS01_VOB47_CELL01,VTS01_LU1_PGC13,1,1,7,Scene selection,391,300,601,343,6,8,6,8,Set highlighted button 1; LinkPGCN 5,VTS01_LU1_PGC5
VTS01_VOB47_CELL01,VTS01_LU1_PGC13,1,1,8,Bonus features,389,348,608,389,7,9,7,9,GPRM4 = 1; LinkPGCN 7,VTS01_LU1_PGC7
VTS01_VOB47_CELL01,VTS01_LU1_PGC13,1,1,9,Set up,392,392,619,434,8,1,8,1,Set highlighted button 1; LinkPGCN 2,VTS01_LU1_PGC2
VTS01_VOB47_CELL01,VTS01_LU1_PGC13,1,2,1,Character,432,57,631,110,9,2,9,2,GPRM9 = 201; LinkPGCN 16,VTS01_LU1_PGC16
VTS01_VOB47_CELL01,VTS01_LU1_PGC13,1,2,2,Shirt,407,111,618,144,1,3,1,3,GPRM9 = 104; LinkPGN 6,VTS01_VOB45_CELL01
VTS01_VOB47_CELL01,VTS01_LU1_PGC13,1,2,3,Weapon,416,146,618,179,2,4,2,4,GPRM9 = 109; LinkPGN 11,VTS01_VOB50_CELL01
VTS01_VOB47_CELL01,VTS01_LU1_PGC13,1,2,4,Activate,402,184,637,219,3,5,3,5,LinkPGCN 14,VTS01_LU1_PGC14
VTS01_VOB47_CELL01,VTS01_LU1_PGC13,1,2,5,Instructions,426,223,648,260,4,6,4,6,LinkPGCN 15,VTS01_LU1_PGC15
VTS01_VOB47_CELL01,VTS01_LU1_PGC13,1,2,6,Play,404,266,617,296,5,7,5,7,LinkPGCN 11,VTS01_LU1_PGC11
VTS01_VOB47_CELL01,VTS01_LU1_PGC13,1,2,7,Scene selection,422,301,632,344,6,8,6,8,Set highlighted button 1; LinkPGCN 5,VTS01_LU1_PGC5
VTS01_VOB47_CELL01,VTS01_LU1_PGC13,1,2,8,Bonus features,426,348,645,389,7,9,7,9,GPRM4 = 1; LinkPGCN 7,VTS01_LU1_PGC7
VTS01_VOB47_CELL01,VTS01_LU1_PGC13,1,2,9,Set up,392,392,619,434,8,1,8,1,Set highlighted button 1; LinkPGCN 2,VTS01_LU1_PGC2
VTS01_VOB48_CELL01,VTS01_LU1_PGC13,1,1,1,Character,410,56,609,109,9,2,9,2,GPRM9 = 201; LinkPGCN 16,VTS01_LU1_PGC16
VTS01_VOB48_CELL01,VTS01_LU1_PGC13,1,1,2,Shirt,407,111,618,144,1,3,1,3,GPRM9 = 108; LinkPGN 10,VTS01_VOB49_CELL01
VTS01_VOB48_CELL01,VTS01_LU1_PGC13,1,1,3,Weapon,403,146,605,179,2,4,2,4,GPRM9 = 110; LinkPGN 12,VTS01_VOB51_CELL01
VTS01_VOB48_CELL01,VTS01_LU1_PGC13,1,1,4,Activate,402,184,637,219,3,5,3,5,LinkPGCN 14,VTS01_LU1_PGC14
VTS01_VOB48_CELL01,VTS01_LU1_PGC13,1,1,5,Instructions,401,223,623,260,4,6,4,6,LinkPGCN 15,VTS01_LU1_PGC15
VTS01_VOB48_CELL01,VTS01_LU1_PGC13,1,1,6,Play,404,266,617,296,5,7,5,7,LinkPGCN 11,VTS01_LU1_PGC11
VTS01_VOB48_CELL01,VTS01_LU1_PGC13,1,1,7,Scene selection,391,300,601,343,6,8,6,8,Set highlighted button 1; LinkPGCN 5,VTS01_LU1_PGC5
VTS01_VOB48_CELL01,VTS01_LU1_PGC13,1,1,8,Bonus features,389,348,608,389,7,9,7,9,GPRM4 = 1; LinkPGCN 7,VTS01_LU1_PGC7
VTS01_VOB48_CELL01,VTS01_LU1_PGC13,1,1,9,Set up,392,392,619,434,8,1,8,1,Set highlighted button 1; LinkPGCN 2,VTS01_LU1_PGC2
VTS01_VOB48_CELL01,VTS01_LU1_PGC13,1,2,1,Character,432,57,631,110,9,2,9,2,GPRM9 = 201; LinkPGCN 16,VTS01_LU1_PGC16
VTS01_VOB48_CELL01,VTS01_LU1_PGC13,1,2,2,Shirt,407,111,618,144,1,3,1,3,GPRM9 = 108; LinkPGN 10,VTS01_VOB49_CELL01
VTS01_VOB48_CELL01,VTS01_LU1_PGC13,1,2,3,Weapon,416,146,618,179,2,4,2,4,GPRM9 = 110; LinkPGN 12,VTS01_VOB51_CELL01
VTS01_VOB48_CELL01,VTS01_LU1_PGC13,1,2,4,Activate,402,184,637,219,3,5,3,5,LinkPGCN 14,VTS01_LU1_PGC14
VTS01_VOB48_CELL01,VTS01_LU1_PGC13,1,2,5,Instructions,426,223,648,260,4,6,4,6,LinkPGCN 15,VTS01_LU1_PGC15
VTS01_VOB48_CELL01,VTS01_LU1_PGC13,1,2,6,Play,404,266,617,296,5,7,5,7,LinkPGCN 11,VTS01_LU1_PGC11
VTS01_VOB48_CELL01,VTS01_LU1_PGC13,1,2,7,Scene selection,422,301,632,344,6,8,6,8,Set highlighted button 1; LinkPGCN 5,VTS01_LU1_PGC5
VTS01_VOB48_CELL01,VTS01_LU1_PGC13,1,2,8,Bonus features,426,348,645,389,7,9,7,9,GPRM4 = 1; LinkPGCN 7,VTS01_LU1_PGC7
VTS01_VOB48_CELL01,VTS01_LU1_PGC13,1,2,9,Set up,392,392,619,434,8,1,8,1,Set highlighted button 1; LinkPGCN 2,VTS01_LU1_PGC2
VTS01_VOB49_CELL01,VTS01_LU1_PGC13,1,1,1,Character,410,56,609,109,9,2,9,2,GPRM9 = 201; LinkPGCN 16,VTS01_LU1_PGC16
VTS01_VOB49_CELL01,VTS01_LU1_PGC13,1,1,2,Shirt,407,111,618,144,1,3,1,3,GPRM9 = 109; LinkPGN 11,VTS01_VOB50_CELL01
VTS01_VOB49_CELL01,VTS01_LU1_PGC13,1,1,3,Weapon,403,146,605,179,2,4,2,4,GPRM9 = 111; LinkPGN 13,VTS01_VOB52_CELL01
VTS01_VOB49_CELL01,VTS01_LU1_PGC13,1,1,4,Activate,402,184,637,219,3,5,3,5,LinkTailPGC (button 1),VTS01_LU1_PGC13:TailPGC
VTS01_VOB49_CELL01,VTS01_LU1_PGC13,1,1,5,Instructions,401,223,623,260,4,6,4,6,LinkPGCN 15,VTS01_LU1_PGC15
VTS01_VOB49_CELL01,VTS01_LU1_PGC13,1,1,6,Play,404,266,617,296,5,7,5,7,LinkPGCN 11,VTS01_LU1_PGC11
VTS01_VOB49_CELL01,VTS01_LU1_PGC13,1,1,7,Scene selection,391,300,601,343,6,8,6,8,Set highlighted button 1; LinkPGCN 5,VTS01_LU1_PGC5
VTS01_VOB49_CELL01,VTS01_LU1_PGC13,1,1,8,Bonus features,389,348,608,389,7,9,7,9,GPRM4 = 1; LinkPGCN 7,VTS01_LU1_PGC7
VTS01_VOB49_CELL01,VTS01_LU1_PGC13,1,1,9,Set up,392,392,619,434,8,1,8,1,Set highlighted button 1; LinkPGCN 2,VTS01_LU1_PGC2
VTS01_VOB49_CELL01,VTS01_LU1_PGC13,1,2,1,Character,432,57,631,110,9,2,9,2,GPRM9 = 201; LinkPGCN 16,VTS01_LU1_PGC16
VTS01_VOB49_CELL01,VTS01_LU1_PGC13,1,2,2,Shirt,407,111,618,144,1,3,1,3,GPRM9 = 109; LinkPGN 11,VTS01_VOB50_CELL01
VTS01_VOB49_CELL01,VTS01_LU1_PGC13,1,2,3,Weapon,416,146,618,179,2,4,2,4,GPRM9 = 111; LinkPGN 13,VTS01_VOB52_CELL01
VTS01_VOB49_CELL01,VTS01_LU1_PGC13,1,2,4,Activate,402,184,637,219,3,5,3,5,LinkTailPGC (button 1),VTS01_LU1_PGC13:TailPGC
VTS01_VOB49_CELL01,VTS01_LU1_PGC13,1,2,5,Instructions,426,223,648,260,4,6,4,6,LinkPGCN 15,VTS01_LU1_PGC15
VTS01_VOB49_CELL01,VTS01_LU1_PGC13,1,2,6,Play,404,266,617,296,5,7,5,7,LinkPGCN 11,VTS01_LU1_PGC11
VTS01_VOB49_CELL01,VTS01_LU1_PGC13,1,2,7,Scene selection,422,301,632,344,6,8,6,8,Set highlighted button 1; LinkPGCN 5,VTS01_LU1_PGC5
VTS01_VOB49_CELL01,VTS01_LU1_PGC13,1,2,8,Bonus features,426,348,645,389,7,9,7,9,GPRM4 = 1; LinkPGCN 7,VTS01_LU1_PGC7
VTS01_VOB49_CELL01,VTS01_LU1_PGC13,1,2,9,Set up,392,392,619,434,8,1,8,1,Set highlighted button 1; LinkPGCN 2,VTS01_LU1_PGC2
VTS01_VOB50_CELL01,VTS01_LU1_PGC13,1,1,1,Character,410,56,609,109,9,2,9,2,GPRM9 = 201; LinkPGCN 16,VTS01_LU1_PGC16
VTS01_VOB50_CELL01,VTS01_LU1_PGC13,1,1,2,Shirt,407,111,618,144,1,3,1,3,GPRM9 = 107; LinkPGN 9,VTS01_VOB48_CELL01
VTS01_VOB50_CELL01,VTS01_LU1_PGC13,1,1,3,Weapon,403,146,605,179,2,4,2,4,GPRM9 = 112; LinkPGN 14,VTS01_VOB53_CELL01
VTS01_VOB50_CELL01,VTS01_LU1_PGC13,1,1,4,Activate,402,184,637,219,3,5,3,5,LinkPGCN 14,VTS01_LU1_PGC14
VTS01_VOB50_CELL01,VTS01_LU1_PGC13,1,1,5,Instructions,401,223,623,260,4,6,4,6,LinkPGCN 15,VTS01_LU1_PGC15
VTS01_VOB50_CELL01,VTS01_LU1_PGC13,1,1,6,Play,404,266,617,296,5,7,5,7,LinkPGCN 11,VTS01_LU1_PGC11
VTS01_VOB50_CELL01,VTS01_LU1_PGC13,1,1,7,Scene selection,391,300,601,343,6,8,6,8,Set highlighted button 1; LinkPGCN 5,VTS01_LU1_PGC5
VTS01_VOB50_CELL01,VTS01_LU1_PGC13,1,1,8,Bonus features,389,348,608,389,7,9,7,9,GPRM4 = 1; LinkPGCN 7,VTS01_LU1_PGC7
VTS01_VOB50_CELL01,VTS01_LU1_PGC13,1,1,9,Set up,392,392,619,434,8,1,8,1,Set highlighted button 1; LinkPGCN 2,VTS01_LU1_PGC2
VTS01_VOB50_CELL01,VTS01_LU1_PGC13,1,2,1,Character,432,57,631,110,9,2,9,2,GPRM9 = 201; LinkPGCN 16,VTS01_LU1_PGC16
VTS01_VOB50_CELL01,VTS01_LU1_PGC13,1,2,2,Shirt,407,111,618,144,1,3,1,3,GPRM9 = 107; LinkPGN 9,VTS01_VOB48_CELL01
VTS01_VOB50_CELL01,VTS01_LU1_PGC13,1,2,3,Weapon,416,146,618,179,2,4,2,4,GPRM9 = 112; LinkPGN 14,VTS01_VOB53_CELL01
VTS01_VOB50_CELL01,VTS01_LU1_PGC13,1,2,4,Activate,402,184,637,219,3,5,3,5,LinkPGCN 14,VTS01_LU1_PGC14
VTS01_VOB50_CELL01,VTS01_LU1_PGC13,1,2,5,Instructions,426,223,648,260,4,6,4,6,LinkPGCN 15,VTS01_LU1_PGC15
VTS01_VOB50_CELL01,VTS01_LU1_PGC13,1,2,6,Play,404,266,617,296,5,7,5,7,LinkPGCN 11,VTS01_LU1_PGC11
VTS01_VOB50_CELL01,VTS01_LU1_PGC13,1,2,7,Scene selection,422,301,632,344,6,8,6,8,Set highlighted button 1; LinkPGCN 5,VTS01_LU1_PGC5
VTS01_VOB50_CELL01,VTS01_LU1_PGC13,1,2,8,Bonus features,426,348,645,389,7,9,7,9,GPRM4 = 1; LinkPGCN 7,VTS01_LU1_PGC7
VTS01_VOB50_CELL01,VTS01_LU1_PGC13,1,2,9,Set up,392,392,619,434,8,1,8,1,Set highlighted button 1; LinkPGCN 2,VTS01_LU1_PGC2
VTS01_VOB51_CELL01,VTS01_LU1_PGC13,1,1,1,Character,410,56,609,109,9,2,9,2,GPRM9 = 201; LinkPGCN 16,VTS01_LU1_PGC16
VTS01_VOB51_CELL01,VTS01_LU1_PGC13,1,1,2,Shirt,407,111,618,144,1,3,1,3,GPRM9 = 111; LinkPGN 13,VTS01_VOB52_CELL01
VTS01_VOB51_CELL01,VTS01_LU1_PGC13,1,1,3,Weapon,403,146,605,179,2,4,2,4,GPRM9 = 104; LinkPGN 6,VTS01_VOB45_CELL01
VTS01_VOB51_CELL01,VTS01_LU1_PGC13,1,1,4,Activate,402,184,637,219,3,5,3,5,LinkPGCN 14,VTS01_LU1_PGC14
VTS01_VOB51_CELL01,VTS01_LU1_PGC13,1,1,5,Instructions,401,223,623,260,4,6,4,6,LinkPGCN 15,VTS01_LU1_PGC15
VTS01_VOB51_CELL01,VTS01_LU1_PGC13,1,1,6,Play,404,266,617,296,5,7,5,7,LinkPGCN 11,VTS01_LU1_PGC11
VTS01_VOB51_CELL01,VTS01_LU1_PGC13,1,1,7,Scene selection,391,300,601,343,6,8,6,8,Set highlighted button 1; LinkPGCN 5,VTS01_LU1_PGC5
VTS01_VOB51_CELL01,VTS01_LU1_PGC13,1,1,8,Bonus features,389,348,608,389,7,9,7,9,GPRM4 = 1; LinkPGCN 7,VTS01_LU1_PGC7
VTS01_VOB51_CELL01,VTS01_LU1_PGC13,1,1,9,Set up,392,392,619,434,8,1,8,1,Set highlighted button 1; LinkPGCN 2,VTS01_LU1_PGC2
VTS01_VOB51_CELL01,VTS01_LU1_PGC13,1,2,1,Character,432,57,631,110,9,2,9,2,GPRM9 = 201; LinkPGCN 16,VTS01_LU1_PGC16
VTS01_VOB51_CELL01,VTS01_LU1_PGC13,1,2,2,Shirt,407,111,618,144,1,3,1,3,GPRM9 = 111; LinkPGN 13,VTS01_VOB52_CELL01
VTS01_VOB51_CELL01,VTS01_LU1_PGC13,1,2,3,Weapon,416,146,618,179,2,4,2,4,GPRM9 = 104; LinkPGN 6,VTS01_VOB45_CELL01
VTS01_VOB51_CELL01,VTS01_LU1_PGC13,1,2,4,Activate,402,184,637,219,3,5,3,5,LinkPGCN 14,VTS01_LU1_PGC14
VTS01_VOB51_CELL01,VTS01_LU1_PGC13,1,2,5,Instructions,426,223,648,260,4,6,4,6,LinkPGCN 15,VTS01_LU1_PGC15
VTS01_VOB51_CELL01,VTS01_LU1_PGC13,1,2,6,Play,404,266,617,296,5,7,5,7,LinkPGCN 11,VTS01_LU1_PGC11
VTS01_VOB51_CELL01,VTS01_LU1_PGC13,1,2,7,Scene selection,422,301,632,344,6,8,6,8,Set highlighted button 1; LinkPGCN 5,VTS01_LU1_PGC5
VTS01_VOB51_CELL01,VTS01_LU1_PGC13,1,2,8,Bonus features,426,348,645,389,7,9,7,9,GPRM4 = 1; LinkPGCN 7,VTS01_LU1_PGC7
VTS01_VOB51_CELL01,VTS01_LU1_PGC13,1,2,9,Set up,392,392,619,434,8,1,8,1,Set highlighted button 1; LinkPGCN 2,VTS01_LU1_PGC2
VTS01_VOB52_CELL01,VTS01_LU1_PGC13,1,1,1,Character,410,56,609,109,9,2,9,2,GPRM9 = 201; LinkPGCN 16,VTS01_LU1_PGC16
VTS01_VOB52_CELL01,VTS01_LU1_PGC13,1,1,2,Shirt,407,111,618,144,1,3,1,3,GPRM9 = 112; LinkPGN 14,VTS01_VOB53_CELL01
VTS01_VOB52_CELL01,VTS01_LU1_PGC13,1,1,3,Weapon,403,146,605,179,2,4,2,4,GPRM9 = 105; LinkPGN 7,VTS01_VOB46_CELL01
VTS01_VOB52_CELL01,VTS01_LU1_PGC13,1,1,4,Activate,402,184,637,219,3,5,3,5,LinkPGCN 14,VTS01_LU1_PGC14
VTS01_VOB52_CELL01,VTS01_LU1_PGC13,1,1,5,Instructions,401,223,623,260,4,6,4,6,LinkPGCN 15,VTS01_LU1_PGC15
VTS01_VOB52_CELL01,VTS01_LU1_PGC13,1,1,6,Play,404,266,617,296,5,7,5,7,LinkPGCN 11,VTS01_LU1_PGC11
VTS01_VOB52_CELL01,VTS01_LU1_PGC13,1,1,7,Scene selection,391,300,601,343,6,8,6,8,Set highlighted button 1; LinkPGCN 5,VTS01_LU1_PGC5
VTS01_VOB52_CELL01,VTS01_LU1_PGC13,1,1,8,Bonus features,389,348,608,389,7,9,7,9,GPRM4 = 1; LinkPGCN 7,VTS01_LU1_PGC7
VTS01_VOB52_CELL01,VTS01_LU1_PGC13,1,1,9,Set up,392,392,619,434,8,1,8,1,Set highlighted button 1; LinkPGCN 2,VTS01_LU1_PGC2
VTS01_VOB52_CELL01,VTS01_LU1_PGC13,1,2,1,Character,432,57,631,110,9,2,9,2,GPRM9 = 201; LinkPGCN 16,VTS01_LU1_PGC16
VTS01_VOB52_CELL01,VTS01_LU1_PGC13,1,2,2,Shirt,407,111,618,144,1,3,1,3,GPRM9 = 112; LinkPGN 14,VTS01_VOB53_CELL01
VTS01_VOB52_CELL01,VTS01_LU1_PGC13,1,2,3,Weapon,416,146,618,179,2,4,2,4,GPRM9 = 105; LinkPGN 7,VTS01_VOB46_CELL01
VTS01_VOB52_CELL01,VTS01_LU1_PGC13,1,2,4,Activate,402,184,637,219,3,5,3,5,LinkPGCN 14,VTS01_LU1_PGC14
VTS01_VOB52_CELL01,VTS01_LU1_PGC13,1,2,5,Instructions,426,223,648,260,4,6,4,6,LinkPGCN 15,VTS01_LU1_PGC15
VTS01_VOB52_CELL01,VTS01_LU1_PGC13,1,2,6,Play,404,266,617,296,5,7,5,7,LinkPGCN 11,VTS01_LU1_PGC11
VTS01_VOB52_CELL01,VTS01_LU1_PGC13,1,2,7,Scene selection,422,301,632,344,6,8,6,8,Set highlighted button 1; LinkPGCN 5,VTS01_LU1_PGC5
VTS01_VOB52_CELL01,VTS01_LU1_PGC13,1,2,8,Bonus features,426,348,645,389,7,9,7,9,GPRM4 = 1; LinkPGCN 7,VTS01_LU1_PGC7
VTS01_VOB52_CELL01,VTS01_LU1_PGC13,1,2,9,Set up,392,392,619,434,8,1,8,1,Set highlighted button 1; LinkPGCN 2,VTS01_LU1_PGC2
VTS01_VOB53_CELL01,VTS01_LU1_PGC13,1,1,1,Character,410,56,609,109,9,2,9,2,GPRM9 = 201; LinkPGCN 16,VTS01_LU1_PGC16
VTS01_VOB53_CELL01,VTS01_LU1_PGC13,1,1,2,Shirt,407,111,618,144,1,3,1,3,GPRM9 = 110; LinkPGN 12,VTS01_VOB51_CELL01
VTS01_VOB53_CELL01,VTS01_LU1_PGC13,1,1,3,Weapon,403,146,605,179,2,4,2,4,GPRM9 = 106; LinkPGN 8,VTS01_VOB47_CELL01
VTS01_VOB53_CELL01,VTS01_LU1_PGC13,1,1,4,Activate,402,184,637,219,3,5,3,5,LinkPGCN 14,VTS01_LU1_PGC14
VTS01_VOB53_CELL01,VTS01_LU1_PGC13,1,1,5,Instructions,401,223,623,260,4,6,4,6,LinkPGCN 15,VTS01_LU1_PGC15
VTS01_VOB53_CELL01,VTS01_LU1_PGC13,1,1,6,Play,404,266,617,296,5,7,5,7,LinkPGCN 11,VTS01_LU1_PGC11
VTS01_VOB53_CELL01,VTS01_LU1_PGC13,1,1,7,Scene selection,391,300,601,343,6,8,6,8,Set highlighted button 1; LinkPGCN 5,VTS01_LU1_PGC5
VTS01_VOB53_CELL01,VTS01_LU1_PGC13,1,1,8,Bonus features,389,348,608,389,7,9,7,9,GPRM4 = 1; LinkPGCN 7,VTS01_LU1_PGC7
VTS01_VOB53_CELL01,VTS01_LU1_PGC13,1,1,9,Set up,392,392,619,434,8,1,8,1,Set highlighted button 1; LinkPGCN 2,VTS01_LU1_PGC2
VTS01_VOB53_CELL01,VTS01_LU1_PGC13,1,2,1,Character,432,57,631,110,9,2,9,2,GPRM9 = 201; LinkPGCN 16,VTS01_LU1_PGC16
VTS01_VOB53_CELL01,VTS01_LU1_PGC13,1,2,2,Shirt,407,111,618,144,1,3,1,3,GPRM9 = 110; LinkPGN 12,VTS01_VOB51_CELL01
VTS01_VOB53_CELL01,VTS01_LU1_PGC13,1,2,3,Weapon,416,146,618,179,2,4,2,4,GPRM9 = 106; LinkPGN 8,VTS01_VOB47_CELL01
VTS01_VOB53_CELL01,VTS01_LU1_PGC13,1,2,4,Activate,402,184,637,219,3,5,3,5,LinkPGCN 14,VTS01_LU1_PGC14
VTS01_VOB53_CELL01,VTS01_LU1_PGC13,1,2,5,Instructions,426,223,648,260,4,6,4,6,LinkPGCN 15,VTS01_LU1_PGC15
VTS01_VOB53_CELL01,VTS01_LU1_PGC13,1,2,6,Play,404,266,617,296,5,7,5,7,LinkPGCN 11,VTS01_LU1_PGC11
VTS01_VOB53_CELL01,VTS01_LU1_PGC13,1,2,7,Scene selection,422,301,632,344,6,8,6,8,Set highlighted button 1; LinkPGCN 5,VTS01_LU1_PGC5
VTS01_VOB53_CELL01,VTS01_LU1_PGC13,1,2,8,Bonus features,426,348,645,389,7,9,7,9,GPRM4 = 1; LinkPGCN 7,VTS01_LU1_PGC7
VTS01_VOB53_CELL01,VTS01_LU1_PGC13,1,2,9,Set up,392,392,619,434,8,1,8,1,Set highlighted button 1; LinkPGCN 2,VTS01_LU1_PGC2
VTS01_VOB42_CELL01,VTS01_LU1_PGC15,1,1,1,Main menu,86,341,626,435,1,1,1,1,Set highlighted button 5; LinkPGCN 13,VTS01_LU1_PGC13
VTS01_VOB42_CELL01,VTS01_LU1_PGC15,1,2,1,Main menu,65,341,669,435,1,1,1,1,Set highlighted button 5; LinkPGCN 13,VTS01_LU1_PGC13
VTS01_VOB54_CELL01,VTS01_LU1_PGC16,1,1,1,Character,410,56,609,109,9,2,9,2,GPRM9 = 301; LinkPGCN 17,VTS01_LU1_PGC17
VTS01_VOB54_CELL01,VTS01_LU1_PGC16,1,1,2,Shirt,407,111,618,144,1,3,1,3,GPRM9 = 202; LinkPGN 2,VTS01_VOB55_CELL01
VTS01_VOB54_CELL01,VTS01_LU1_PGC16,1,1,3,Weapon,403,146,605,179,2,4,2,4,GPRM9 = 204; LinkPGN 4,VTS01_VOB57_CELL01
VTS01_VOB54_CELL01,VTS01_LU1_PGC16,1,1,4,Activate,402,184,637,219,3,5,3,5,LinkPGCN 14,VTS01_LU1_PGC14
VTS01_VOB54_CELL01,VTS01_LU1_PGC16,1,1,5,Instructions,401,223,623,260,4,6,4,6,LinkPGCN 15,VTS01_LU1_PGC15
VTS01_VOB54_CELL01,VTS01_LU1_PGC16,1,1,6,Play,404,266,617,296,5,7,5,7,LinkPGCN 11,VTS01_LU1_PGC11
VTS01_VOB54_CELL01,VTS01_LU1_PGC16,1,1,7,Scene selection,391,300,601,343,6,8,6,8,Set highlighted button 1; LinkPGCN 5,VTS01_LU1_PGC5
VTS01_VOB54_CELL01,VTS01_LU1_PGC16,1,1,8,Bonus features,389,348,608,389,7,9,7,9,GPRM4 = 1; LinkPGCN 7,VTS01_LU1_PGC7
VTS01_VOB54_CELL01,VTS01_LU1_PGC16,1,1,9,Set up,392,392,619,434,8,1,8,1,Set highlighted button 1; LinkPGCN 2,VTS01_LU1_PGC2
VTS01_VOB54_CELL01,VTS01_LU1_PGC16,1,2,1,Character,432,57,631,110,9,2,9,2,GPRM9 = 301; LinkPGCN 17,VTS01_LU1_PGC17
VTS01_VOB54_CELL01,VTS01_LU1_PGC16,1,2,2,Shirt,407,111,618,144,1,3,1,3,GPRM9 = 202; LinkPGN 2,VTS01_VOB55_CELL01
VTS01_VOB54_CELL01,VTS01_LU1_PGC16,1,2,3,Weapon,416,146,618,179,2,4,2,4,GPRM9 = 204; LinkPGN 4,VTS01_VOB57_CELL01
VTS01_VOB54_CELL01,VTS01_LU1_PGC16,1,2,4,Activate,402,184,637,219,3,5,3,5,LinkPGCN 14,VTS01_LU1_PGC14
VTS01_VOB54_CELL01,VTS01_LU1_PGC16,1,2,5,Instructions,426,223,648,260,4,6,4,6,LinkPGCN 15,VTS01_LU1_PGC15
VTS01_VOB54_CELL01,VTS01_LU1_PGC16,1,2,6,Play,404,266,617,296,5,7,5,7,LinkPGCN 11,VTS01_LU1_PGC11
VTS01_VOB54_CELL01,VTS01_LU1_PGC16,1,2,7,Scene selection,422,301,632,344,6,8,6,8,Set highlighted button 1; LinkPGCN 5,VTS01_LU1_PGC5
VTS01_VOB54_CELL01,VTS01_LU1_PGC16,1,2,8,Bonus features,426,348,645,389,7,9,7,9,GPRM4 = 1; LinkPGCN 7,VTS01_LU1_PGC7
VTS01_VOB54_CELL01,VTS01_LU1_PGC16,1,2,9,Set up,392,392,619,434,8,1,8,1,Set highlighted button 1; LinkPGCN 2,VTS01_LU1_PGC2
VTS01_VOB55_CELL01,VTS01_LU1_PGC16,1,1,1,Character,410,56,609,109,9,2,9,2,GPRM9 = 301; LinkPGCN 17,VTS01_LU1_PGC17
VTS01_VOB55_CELL01,VTS01_LU1_PGC16,1,1,2,Shirt,407,111,618,144,1,3,1,3,GPRM9 = 203; LinkPGN 3,VTS01_VOB56_CELL01
VTS01_VOB55_CELL01,VTS01_LU1_PGC16,1,1,3,Weapon,403,146,605,179,2,4,2,4,GPRM9 = 205; LinkPGN 5,VTS01_VOB58_CELL01
VTS01_VOB55_CELL01,VTS01_LU1_PGC16,1,1,4,Activate,402,184,637,219,3,5,3,5,LinkPGCN 14,VTS01_LU1_PGC14
VTS01_VOB55_CELL01,VTS01_LU1_PGC16,1,1,5,Instructions,401,223,623,260,4,6,4,6,LinkPGCN 15,VTS01_LU1_PGC15
VTS01_VOB55_CELL01,VTS01_LU1_PGC16,1,1,6,Play,404,266,617,296,5,7,5,7,LinkPGCN 11,VTS01_LU1_PGC11
VTS01_VOB55_CELL01,VTS01_LU1_PGC16,1,1,7,Scene selection,391,300,601,343,6,8,6,8,Set highlighted button 1; LinkPGCN 5,VTS01_LU1_PGC5
VTS01_VOB55_CELL01,VTS01_LU1_PGC16,1,1,8,Bonus features,389,348,608,389,7,9,7,9,GPRM4 = 1; LinkPGCN 7,VTS01_LU1_PGC7
VTS01_VOB55_CELL01,VTS01_LU1_PGC16,1,1,9,Set up,392,392,619,434,8,1,8,1,Set highlighted button 1; LinkPGCN 2,VTS01_LU1_PGC2
VTS01_VOB55_CELL01,VTS01_LU1_PGC16,1,2,1,Character,432,57,631,110,9,2,9,2,GPRM9 = 301; LinkPGCN 17,VTS01_LU1_PGC17
VTS01_VOB55_CELL01,VTS01_LU1_PGC16,1,2,2,Shirt,407,111,618,144,1,3,1,3,GPRM9 = 203; LinkPGN 3,VTS01_VOB56_CELL01
VTS01_VOB55_CELL01,VTS01_LU1_PGC16,1,2,3,Weapon,416,146,618,179,2,4,2,4,GPRM9 = 205; LinkPGN 5,VTS01_VOB58_CELL01
VTS01_VOB55_CELL01,VTS01_LU1_PGC16,1,2,4,Activate,402,184,637,219,3,5,3,5,LinkPGCN 14,VTS01_LU1_PGC14
VTS01_VOB55_CELL01,VTS01_LU1_PGC16,1,2,5,Instructions,426,223,648,260,4,6,4,6,LinkPGCN 15,VTS01_LU1_PGC15
VTS01_VOB55_CELL01,VTS01_LU1_PGC16,1,2,6,Play,404,266,617,296,5,7,5,7,LinkPGCN 11,VTS01_LU1_PGC11
VTS01_VOB55_CELL01,VTS01_LU1_PGC16,1,2,7,Scene selection,422,301,632,344,6,8,6,8,Set highlighted button 1; LinkPGCN 5,VTS01_LU1_PGC5
VTS01_VOB55_CELL01,VTS01_LU1_PGC16,1,2,8,Bonus features,426,348,645,389,7,9,7,9,GPRM4 = 1; LinkPGCN 7,VTS01_LU1_PGC7
VTS01_VOB55_CELL01,VTS01_LU1_PGC16,1,2,9,Set up,392,392,619,434,8,1,8,1,Set highlighted button 1; LinkPGCN 2,VTS01_LU1_PGC2
VTS01_VOB56_CELL01,VTS01_LU1_PGC16,1,1,1,Character,410,56,609,109,9,2,9,2,GPRM9 = 301; LinkPGCN 17,VTS01_LU1_PGC17
VTS01_VOB56_CELL01,VTS01_LU1_PGC16,1,1,2,Shirt,407,111,618,144,1,3,1,3,GPRM9 = 201; LinkPGN 1,VTS01_VOB54_CELL01
VTS01_VOB56_CELL01,VTS01_LU1_PGC16,1,1,3,Weapon,403,146,605,179,2,4,2,4,GPRM9 = 206; LinkPGN 6,VTS01_VOB59_CELL01
VTS01_VOB56_CELL01,VTS01_LU1_PGC16,1,1,4,Activate,402,184,637,219,3,5,3,5,LinkPGCN 14,VTS01_LU1_PGC14
VTS01_VOB56_CELL01,VTS01_LU1_PGC16,1,1,5,Instructions,401,223,623,260,4,6,4,6,LinkPGCN 15,VTS01_LU1_PGC15
VTS01_VOB56_CELL01,VTS01_LU1_PGC16,1,1,6,Play,404,266,617,296,5,7,5,7,LinkPGCN 11,VTS01_LU1_PGC11
VTS01_VOB56_CELL01,VTS01_LU1_PGC16,1,1,7,Scene selection,391,300,601,343,6,8,6,8,Set highlighted button 1; LinkPGCN 5,VTS01_LU1_PGC5
VTS01_VOB56_CELL01,VTS01_LU1_PGC16,1,1,8,Bonus features,389,348,608,389,7,9,7,9,GPRM4 = 1; LinkPGCN 7,VTS01_LU1_PGC7
VTS01_VOB56_CELL01,VTS01_LU1_PGC16,1,1,9,Set up,392,392,619,434,8,1,8,1,Set highlighted button 1; LinkPGCN 2,VTS01_LU1_PGC2
VTS01_VOB56_CELL01,VTS01_LU1_PGC16,1,2,1,Character,432,57,631,110,9,2,9,2,GPRM9 = 301; LinkPGCN 17,VTS01_LU1_PGC17
VTS01_VOB56_CELL01,VTS01_LU1_PGC16,1,2,2,Shirt,407,111,618,144,1,3,1,3,GPRM9 = 201; LinkPGN 1,VTS01_VOB54_CELL01
VTS01_VOB56_CELL01,VTS01_LU1_PGC16,1,2,3,Weapon,416,146,618,179,2,4,2,4,GPRM9 = 206; LinkPGN 6,VTS01_VOB59_CELL01
VTS01_VOB56_CELL01,VTS01_LU1_PGC16,1,2,4,Activate,402,184,637,219,3,5,3,5,LinkPGCN 14,VTS01_LU1_PGC14
VTS01_VOB56_CELL01,VTS01_LU1_PGC16,1,2,5,Instructions,426,223,648,260,4,6,4,6,LinkPGCN 15,VTS01_LU1_PGC15
VTS01_VOB56_CELL01,VTS01_LU1_PGC16,1,2,6,Play,404,266,617,296,5,7,5,7,LinkPGCN 11,VTS01_LU1_PGC11
VTS01_VOB56_CELL01,VTS01_LU1_PGC16,1,2,7,Scene selection,422,301,632,344,6,8,6,8,Set highlighted button 1; LinkPGCN 5,VTS01_LU1_PGC5
VTS01_VOB56_CELL01,VTS01_LU1_PGC16,1,2,8,Bonus features,426,348,645,389,7,9,7,9,GPRM4 = 1; LinkPGCN 7,VTS01_LU1_PGC7
VTS01_VOB56_CELL01,VTS01_LU1_PGC16,1,2,9,Set up,392,392,619,434,8,1,8,1,Set highlighted button 1; LinkPGCN 2,VTS01_LU1_PGC2
VTS01_VOB57_CELL01,VTS01_LU1_PGC16,1,1,1,Character,410,56,609,109,9,2,9,2,GPRM9 = 301; LinkPGCN 17,VTS01_LU1_PGC17
VTS01_VOB57_CELL01,VTS01_LU1_PGC16,1,1,2,Shirt,407,111,618,144,1,3,1,3,GPRM9 = 205; LinkPGN 5,VTS01_VOB58_CELL01
VTS01_VOB57_CELL01,VTS01_LU1_PGC16,1,1,3,Weapon,403,146,605,179,2,4,2,4,GPRM9 = 207; LinkPGN 7,VTS01_VOB60_CELL01
VTS01_VOB57_CELL01,VTS01_LU1_PGC16,1,1,4,Activate,402,184,637,219,3,5,3,5,LinkPGCN 14,VTS01_LU1_PGC14
VTS01_VOB57_CELL01,VTS01_LU1_PGC16,1,1,5,Instructions,401,223,623,260,4,6,4,6,LinkPGCN 15,VTS01_LU1_PGC15
VTS01_VOB57_CELL01,VTS01_LU1_PGC16,1,1,6,Play,404,266,617,296,5,7,5,7,LinkPGCN 11,VTS01_LU1_PGC11
VTS01_VOB57_CELL01,VTS01_LU1_PGC16,1,1,7,Scene selection,391,300,601,343,6,8,6,8,Set highlighted button 1; LinkPGCN 5,VTS01_LU1_PGC5
VTS01_VOB57_CELL01,VTS01_LU1_PGC16,1,1,8,Bonus features,389,348,608,389,7,9,7,9,GPRM4 = 1; LinkPGCN 7,VTS01_LU1_PGC7
VTS01_VOB57_CELL01,VTS01_LU1_PGC16,1,1,9,Set up,392,392,619,434,8,1,8,1,Set highlighted button 1; LinkPGCN 2,VTS01_LU1_PGC2
VTS01_VOB57_CELL01,VTS01_LU1_PGC16,1,2,1,Character,432,57,631,110,9,2,9,2,GPRM9 = 301; LinkPGCN 17,VTS01_LU1_PGC17
VTS01_VOB57_CELL01,VTS01_LU1_PGC16,1,2,2,Shirt,407,111,618,144,1,3,1,3,GPRM9 = 205; LinkPGN 5,VTS01_VOB58_CELL01
VTS01_VOB57_CELL01,VTS01_LU1_PGC16,1,2,3,Weapon,416,146,618,179,2,4,2,4,GPRM9 = 207; LinkPGN 7,VTS01_VOB60_CELL01
VTS01_VOB57_CELL01,VTS01_LU1_PGC16,1,2,4,Activate,402,184,637,219,3,5,3,5,LinkPGCN 14,VTS01_LU1_PGC14
VTS01_VOB57_CELL01,VTS01_LU1_PGC16,1,2,5,Instructions,426,223,648,260,4,6,4,6,LinkPGCN 15,VTS01_LU1_PGC15
VTS01_VOB57_CELL01,VTS01_LU1_PGC16,1,2,6,Play,404,266,617,296,5,7,5,7,LinkPGCN 11,VTS01_LU1_PGC11
VTS01_VOB57_CELL01,VTS01_LU1_PGC16,1,2,7,Scene selection,422,301,632,344,6,8,6,8,Set highlighted button 1; LinkPGCN 5,VTS01_LU1_PGC5
VTS01_VOB57_CELL01,VTS01_LU1_PGC16,1,2,8,Bonus features,426,348,645,389,7,9,7,9,GPRM4 = 1; LinkPGCN 7,VTS01_LU1_PGC7
VTS01_VOB57_CELL01,VTS01_LU1_PGC16,1,2,9,Set up,392,392,619,434,8,1,8,1,Set highlighted button 1; LinkPGCN 2,VTS01_LU1_PGC2
VTS01_VOB58_CELL01,VTS01_LU1_PGC16,1,1,1,Character,410,56,609,109,9,2,9,2,GPRM9 = 301; LinkPGCN 17,VTS01_LU1_PGC17
VTS01_VOB58_CELL01,VTS01_LU1_PGC16,1,1,2,Shirt,407,111,618,144,1,3,1,3,GPRM9 = 206; LinkPGN 6,VTS01_VOB59_CELL01
VTS01_VOB58_CELL01,VTS01_LU1_PGC16,1,1,3,Weapon,403,146,605,179,2,4,2,4,GPRM9 = 208; LinkPGN 8,VTS01_VOB61_CELL01
VTS01_VOB58_CELL01,VTS01_LU1_PGC16,1,1,4,Activate,402,184,637,219,3,5,3,5,LinkPGCN 14,VTS01_LU1_PGC14
VTS01_VOB58_CELL01,VTS01_LU1_PGC16,1,1,5,Instructions,401,223,623,260,4,6,4,6,LinkPGCN 15,VTS01_LU1_PGC15
VTS01_VOB58_CELL01,VTS01_LU1_PGC16,1,1,6,Play,404,266,617,296,5,7,5,7,LinkPGCN 11,VTS01_LU1_PGC11
VTS01_VOB58_CELL01,VTS01_LU1_PGC16,1,1,7,Scene selection,391,300,601,343,6,8,6,8,Set highlighted button 1; LinkPGCN 5,VTS01_LU1_PGC5
VTS01_VOB58_CELL01,VTS01_LU1_PGC16,1,1,8,Bonus features,389,348,608,389,7,9,7,9,GPRM4 = 1; LinkPGCN 7,VTS01_LU1_PGC7
VTS01_VOB58_CELL01,VTS01_LU1_PGC16,1,1,9,Set up,392,392,619,434,8,1,8,1,Set highlighted button 1; LinkPGCN 2,VTS01_LU1_PGC2
VTS01_VOB58_CELL01,VTS01_LU1_PGC16,1,2,1,Character,432,57,631,110,9,2,9,2,GPRM9 = 301; LinkPGCN 17,VTS01_LU1_PGC17
VTS01_VOB58_CELL01,VTS01_LU1_PGC16,1,2,2,Shirt,407,111,618,144,1,3,1,3,GPRM9 = 206; LinkPGN 6,VTS01_VOB59_CELL01
VTS01_VOB58_CELL01,VTS01_LU1_PGC16,1,2,3,Weapon,416,146,618,179,2,4,2,4,GPRM9 = 208; LinkPGN 8,VTS01_VOB61_CELL01
VTS01_VOB58_CELL01,VTS01_LU1_PGC16,1,2,4,Activate,402,184,637,219,3,5,3,5,LinkPGCN 14,VTS01_LU1_PGC14
VTS01_VOB58_CELL01,VTS01_LU1_PGC16,1,2,5,Instructions,426,223,648,260,4,6,4,6,LinkPGCN 15,VTS01_LU1_PGC15
VTS01_VOB58_CELL01,VTS01_LU1_PGC16,1,2,6,Play,404,266,617,296,5,7,5,7,LinkPGCN 11,VTS01_LU1_PGC11
VTS01_VOB58_CELL01,VTS01_LU1_PGC16,1,2,7,Scene selection,422,301,632,344,6,8,6,8,Set highlighted button 1; LinkPGCN 5,VTS01_LU1_PGC5
VTS01_VOB58_CELL01,VTS01_LU1_PGC16,1,2,8,Bonus features,426,348,645,389,7,9,7,9,GPRM4 = 1; LinkPGCN 7,VTS01_LU1_PGC7
VTS01_VOB58_CELL01,VTS01_LU1_PGC16,1,2,9,Set up,392,392,619,434,8,1,8,1,Set highlighted button 1; LinkPGCN 2,VTS01_LU1_PGC2
VTS01_VOB59_CELL01,VTS01_LU1_PGC16,1,1,1,Character,410,56,609,109,9,2,9,2,GPRM9 = 301; LinkPGCN 17,VTS01_LU1_PGC17
VTS01_VOB59_CELL01,VTS01_LU1_PGC16,1,1,2,Shirt,407,111,618,144,1,3,1,3,GPRM9 = 204; LinkPGN 4,VTS01_VOB57_CELL01
VTS01_VOB59_CELL01,VTS01_LU1_PGC16,1,1,3,Weapon,403,146,605,179,2,4,2,4,GPRM9 = 209; LinkPGN 9,VTS01_VOB62_CELL01
VTS01_VOB59_CELL01,VTS01_LU1_PGC16,1,1,4,Activate,402,184,637,219,3,5,3,5,LinkPGCN 14,VTS01_LU1_PGC14
VTS01_VOB59_CELL01,VTS01_LU1_PGC16,1,1,5,Instructions,401,223,623,260,4,6,4,6,LinkPGCN 15,VTS01_LU1_PGC15
VTS01_VOB59_CELL01,VTS01_LU1_PGC16,1,1,6,Play,404,266,617,296,5,7,5,7,LinkPGCN 11,VTS01_LU1_PGC11
VTS01_VOB59_CELL01,VTS01_LU1_PGC16,1,1,7,Scene selection,391,300,601,343,6,8,6,8,Set highlighted button 1; LinkPGCN 5,VTS01_LU1_PGC5
VTS01_VOB59_CELL01,VTS01_LU1_PGC16,1,1,8,Bonus features,389,348,608,389,7,9,7,9,GPRM4 = 1; LinkPGCN 7,VTS01_LU1_PGC7
VTS01_VOB59_CELL01,VTS01_LU1_PGC16,1,1,9,Set up,392,392,619,434,8,1,8,1,Set highlighted button 1; LinkPGCN 2,VTS01_LU1_PGC2
VTS01_VOB59_CELL01,VTS01_LU1_PGC16,1,2,1,Character,432,57,631,110,9,2,9,2,GPRM9 = 301; LinkPGCN 17,VTS01_LU1_PGC17
VTS01_VOB59_CELL01,VTS01_LU1_PGC16,1,2,2,Shirt,407,111,618,144,1,3,1,3,GPRM9 = 204; LinkPGN 4,VTS01_VOB57_CELL01
VTS01_VOB59_CELL01,VTS01_LU1_PGC16,1,2,3,Weapon,416,146,618,179,2,4,2,4,GPRM9 = 209; LinkPGN 9,VTS01_VOB62_CELL01
VTS01_VOB59_CELL01,VTS01_LU1_PGC16,1,2,4,Activate,402,184,637,219,3,5,3,5,LinkPGCN 14,VTS01_LU1_PGC14
VTS01_VOB59_CELL01,VTS01_LU1_PGC16,1,2,5,Instructions,426,223,648,260,4,6,4,6,LinkPGCN 15,VTS01_LU1_PGC15
VTS01_VOB59_CELL01,VTS01_LU1_PGC16,1,2,6,Play,404,266,617,296,5,7,5,7,LinkPGCN 11,VTS01_LU1_PGC11
VTS01_VOB59_CELL01,VTS01_LU1_PGC16,1,2,7,Scene selection,422,301,632,344,6,8,6,8,Set highlighted button 1; LinkPGCN 5,VTS01_LU1_PGC5
VTS01_VOB59_CELL01,VTS01_LU1_PGC16,1,2,8,Bonus features,426,348,645,389,7,9,7,9,GPRM4 = 1; LinkPGCN 7,VTS01_LU1_PGC7
VTS01_VOB59_CELL01,VTS01_LU1_PGC16,1,2,9,Set up,392,392,619,434,8,1,8,1,Set highlighted button 1; LinkPGCN 2,VTS01_LU1_PGC2
VTS01_VOB60_CELL01,VTS01_LU1_PGC16,1,1,1,Character,410,56,609,109,9,2,9,2,GPRM9 = 301; LinkPGCN 17,VTS01_LU1_PGC17
VTS01_VOB60_CELL01,VTS01_LU1_PGC16,1,1,2,Shirt,407,111,618,144,1,3,1,3,GPRM9 = 208; LinkPGN 8,VTS01_VOB61_CELL01
VTS01_VOB60_CELL01,VTS01_LU1_PGC16,1,1,3,Weapon,403,146,605,179,2,4,2,4,GPRM9 = 210; LinkPGN 10,VTS01_VOB63_CELL01
VTS01_VOB60_CELL01,VTS01_LU1_PGC16,1,1,4,Activate,402,184,637,219,3,5,3,5,LinkPGCN 14,VTS01_LU1_PGC14
VTS01_VOB60_CELL01,VTS01_LU1_PGC16,1,1,5,Instructions,401,223,623,260,4,6,4,6,LinkPGCN 15,VTS01_LU1_PGC15
VTS01_VOB60_CELL01,VTS01_LU1_PGC16,1,1,6,Play,404,266,617,296,5,7,5,7,LinkPGCN 11,VTS01_LU1_PGC11
VTS01_VOB60_CELL01,VTS01_LU1_PGC16,1,1,7,Scene selection,391,300,601,343,6,8,6,8,Set highlighted button 1; LinkPGCN 5,VTS01_LU1_PGC5
VTS01_VOB60_CELL01,VTS01_LU1_PGC16,1,1,8,Bonus features,389,348,608,389,7,9,7,9,GPRM4 = 1; LinkPGCN 7,VTS01_LU1_PGC7
VTS01_VOB60_CELL01,VTS01_LU1_PGC16,1,1,9,Set up,392,392,619,434,8,1,8,1,Set highlighted button 1; LinkPGCN 2,VTS01_LU1_PGC2
VTS01_VOB60_CELL01,VTS01_LU1_PGC16,1,2,1,Character,432,57,631,110,9,2,9,2,GPRM9 = 301; LinkPGCN 17,VTS01_LU1_PGC17
VTS01_VOB60_CELL01,VTS01_LU1_PGC16,1,2,2,Shirt,407,111,618,144,1,3,1,3,GPRM9 = 208; LinkPGN 8,VTS01_VOB61_CELL01
VTS01_VOB60_CELL01,VTS01_LU1_PGC16,1,2,3,Weapon,416,146,618,179,2,4,2,4,GPRM9 = 210; LinkPGN 10,VTS01_VOB63_CELL01
VTS01_VOB60_CELL01,VTS01_LU1_PGC16,1,2,4,Activate,402,184,637,219,3,5,3,5,LinkPGCN 14,VTS01_LU1_PGC14
VTS01_VOB60_CELL01,VTS01_LU1_PGC16,1,2,5,Instructions,426,223,648,260,4,6,4,6,LinkPGCN 15,VTS01_LU1_PGC15
VTS01_VOB60_CELL01,VTS01_LU1_PGC16,1,2,6,Play,404,266,617,296,5,7,5,7,LinkPGCN 11,VTS01_LU1_PGC11
VTS01_VOB60_CELL01,VTS01_LU1_PGC16,1,2,7,Scene selection,422,301,632,344,6,8,6,8,Set highlighted button 1; LinkPGCN 5,VTS01_LU1_PGC5
VTS01_VOB60_CELL01,VTS01_LU1_PGC16,1,2,8,Bonus features,426,348,645,389,7,9,7,9,GPRM4 = 1; LinkPGCN 7,VTS01_LU1_PGC7
VTS01_VOB60_CELL01,VTS01_LU1_PGC16,1,2,9,Set up,392,392,619,434,8,1,8,1,Set highlighted button 1; LinkPGCN 2,VTS01_LU1_PGC2
VTS01_VOB61_CELL01,VTS01_LU1_PGC16,1,1,1,Character,410,56,609,109,9,2,9,2,GPRM9 = 301; LinkPGCN 17,VTS01_LU1_PGC17
VTS01_VOB61_CELL01,VTS01_LU1_PGC16,1,1,2,Shirt,407,111,618,144,1,3,1,3,GPRM9 = 209; LinkPGN 9,VTS01_VOB62_CELL01
VTS01_VOB61_CELL01,VTS01_LU1_PGC16,1,1,3,Weapon,403,146,605,179,2,4,2,4,GPRM9 = 211; LinkPGN 11,VTS01_VOB64_CELL01
VTS01_VOB61_CELL01,VTS01_LU1_PGC16,1,1,4,Activate,402,184,637,219,3,5,3,5,LinkPGCN 14,VTS01_LU1_PGC14
VTS01_VOB61_CELL01,VTS01_LU1_PGC16,1,1,5,Instructions,401,223,623,260,4,6,4,6,LinkPGCN 15,VTS01_LU1_PGC15
VTS01_VOB61_CELL01,VTS01_LU1_PGC16,1,1,6,Play,404,266,617,296,5,7,5,7,LinkPGCN 11,VTS01_LU1_PGC11
VTS01_VOB61_CELL01,VTS01_LU1_PGC16,1,1,7,Scene selection,391,300,601,343,6,8,6,8,Set highlighted button 1; LinkPGCN 5,VTS01_LU1_PGC5
VTS01_VOB61_CELL01,VTS01_LU1_PGC16,1,1,8,Bonus features,389,348,608,389,7,9,7,9,GPRM4 = 1; LinkPGCN 7,VTS01_LU1_PGC7
VTS01_VOB61_CELL01,VTS01_LU1_PGC16,1,1,9,Set up,392,392,619,434,8,1,8,1,Set highlighted button 1; LinkPGCN 2,VTS01_LU1_PGC2
VTS01_VOB61_CELL01,VTS01_LU1_PGC16,1,2,1,Character,432,57,631,110,9,2,9,2,GPRM9 = 301; LinkPGCN 17,VTS01_LU1_PGC17
VTS01_VOB61_CELL01,VTS01_LU1_PGC16,1,2,2,Shirt,407,111,618,144,1,3,1,3,GPRM9 = 209; LinkPGN 9,VTS01_VOB62_CELL01
VTS01_VOB61_CELL01,VTS01_LU1_PGC16,1,2,3,Weapon,416,146,618,179,2,4,2,4,GPRM9 = 211; LinkPGN 11,VTS01_VOB64_CELL01
VTS01_VOB61_CELL01,VTS01_LU1_PGC16,1,2,4,Activate,402,184,637,219,3,5,3,5,LinkPGCN 14,VTS01_LU1_PGC14
VTS01_VOB61_CELL01,VTS01_LU1_PGC16,1,2,5,Instructions,426,223,648,260,4,6,4,6,LinkPGCN 15,VTS01_LU1_PGC15
VTS01_VOB61_CELL01,VTS01_LU1_PGC16,1,2,6,Play,404,266,617,296,5,7,5,7,LinkPGCN 11,VTS01_LU1_PGC11
VTS01_VOB61_CELL01,VTS01_LU1_PGC16,1,2,7,Scene selection,422,301,632,344,6,8,6,8,Set highlighted button 1; LinkPGCN 5,VTS01_LU1_PGC5
VTS01_VOB61_CELL01,VTS01_LU1_PGC16,1,2,8,Bonus features,426,348,645,389,7,9,7,9,GPRM4 = 1; LinkPGCN 7,VTS01_LU1_PGC7
VTS01_VOB61_CELL01,VTS01_LU1_PGC16,1,2,9,Set up,392,392,619,434,8,1,8,1,Set highlighted button 1; LinkPGCN 2,VTS01_LU1_PGC2
VTS01_VOB62_CELL01,VTS01_LU1_PGC16,1,1,1,Character,410,56,609,109,9,2,9,2,GPRM9 = 301; LinkPGCN 17,VTS01_LU1_PGC17
VTS01_VOB62_CELL01,VTS01_LU1_PGC16,1,1,2,Shirt,407,111,618,144,1,3,1,3,GPRM9 = 207; LinkPGN 7,VTS01_VOB60_CELL01
VTS01_VOB62_CELL01,VTS01_LU1_PGC16,1,1,3,Weapon,403,146,605,179,2,4,2,4,GPRM9 = 212; LinkPGN 12,VTS01_VOB65_CELL01
VTS01_VOB62_CELL01,VTS01_LU1_PGC16,1,1,4,Activate,402,184,637,219,3,5,3,5,LinkPGCN 14,VTS01_LU1_PGC14
VTS01_VOB62_CELL01,VTS01_LU1_PGC16,1,1,5,Instructions,401,223,623,260,4,6,4,6,LinkPGCN 15,VTS01_LU1_PGC15
VTS01_VOB62_CELL01,VTS01_LU1_PGC16,1,1,6,Play,404,266,617,296,5,7,5,7,LinkPGCN 11,VTS01_LU1_PGC11
VTS01_VOB62_CELL01,VTS01_LU1_PGC16,1,1,7,Scene selection,391,300,601,343,6,8,6,8,Set highlighted button 1; LinkPGCN 5,VTS01_LU1_PGC5
VTS01_VOB62_CELL01,VTS01_LU1_PGC16,1,1,8,Bonus features,389,348,608,389,7,9,7,9,GPRM4 = 1; LinkPGCN 7,VTS01_LU1_PGC7
VTS01_VOB62_CELL01,VTS01_LU1_PGC16,1,1,9,Set up,392,392,619,434,8,1,8,1,Set highlighted button 1; LinkPGCN 2,VTS01_LU1_PGC2
VTS01_VOB62_CELL01,VTS01_LU1_PGC16,1,2,1,Character,432,57,631,110,9,2,9,2,GPRM9 = 301; LinkPGCN 17,VTS01_LU1_PGC17
VTS01_VOB62_CELL01,VTS01_LU1_PGC16,1,2,2,Shirt,407,111,618,144,1,3,1,3,GPRM9 = 207; LinkPGN 7,VTS01_VOB60_CELL01
VTS01_VOB62_CELL01,VTS01_LU1_PGC16,1,2,3,Weapon,416,146,618,179,2,4,2,4,GPRM9 = 212; LinkPGN 12,VTS01_VOB65_CELL01
VTS01_VOB62_CELL01,VTS01_LU1_PGC16,1,2,4,Activate,402,184,637,219,3,5,3,5,LinkPGCN 14,VTS01_LU1_PGC14
VTS01_VOB62_CELL01,VTS01_LU1_PGC16,1,2,5,Instructions,426,223,648,260,4,6,4,6,LinkPGCN 15,VTS01_LU1_PGC15
VTS01_VOB62_CELL01,VTS01_LU1_PGC16,1,2,6,Play,404,266,617,296,5,7,5,7,LinkPGCN 11,VTS01_LU1_PGC11
VTS01_VOB62_CELL01,VTS01_LU1_PGC16,1,2,7,Scene selection,422,301,632,344,6,8,6,8,Set highlighted button 1; LinkPGCN 5,VTS01_LU1_PGC5
VTS01_VOB62_CELL01,VTS01_LU1_PGC16,1,2,8,Bonus features,426,348,645,389,7,9,7,9,GPRM4 = 1; LinkPGCN 7,VTS01_LU1_PGC7
VTS01_VOB62_CELL01,VTS01_LU1_PGC16,1,2,9,Set up,392,392,619,434,8,1,8,1,Set highlighted button 1; LinkPGCN 2,VTS01_LU1_PGC2
VTS01_VOB63_CELL01,VTS01_LU1_PGC16,1,1,1,Character,410,56,609,109,9,2,9,2,GPRM9 = 301; LinkPGCN 17,VTS01_LU1_PGC17
VTS01_VOB63_CELL01,VTS01_LU1_PGC16,1,1,2,Shirt,407,111,618,144,1,3,1,3,GPRM9 = 211; LinkPGN 11,VTS01_VOB64_CELL01
VTS01_VOB63_CELL01,VTS01_LU1_PGC16,1,1,3,Weapon,403,146,605,179,2,4,2,4,GPRM9 = 204; LinkPGN 4,VTS01_VOB57_CELL01
VTS01_VOB63_CELL01,VTS01_LU1_PGC16,1,1,4,Activate,402,184,637,219,3,5,3,5,LinkPGCN 14,VTS01_LU1_PGC14
VTS01_VOB63_CELL01,VTS01_LU1_PGC16,1,1,5,Instructions,401,223,623,260,4,6,4,6,LinkPGCN 15,VTS01_LU1_PGC15
VTS01_VOB63_CELL01,VTS01_LU1_PGC16,1,1,6,Play,404,266,617,296,5,7,5,7,LinkPGCN 11,VTS01_LU1_PGC11
VTS01_VOB63_CELL01,VTS01_LU1_PGC16,1,1,7,Scene selection,391,300,601,343,6,8,6,8,Set highlighted button 1; LinkPGCN 5,VTS01_LU1_PGC5
VTS01_VOB63_CELL01,VTS01_LU1_PGC16,1,1,8,Bonus features,389,348,608,389,7,9,7,9,GPRM4 = 1; LinkPGCN 7,VTS01_LU1_PGC7
VTS01_VOB63_CELL01,VTS01_LU1_PGC16,1,1,9,Set up,392,392,619,434,8,1,8,1,Set highlighted button 1; LinkPGCN 2,VTS01_LU1_PGC2
VTS01_VOB63_CELL01,VTS01_LU1_PGC16,1,2,1,Character,432,57,631,110,9,2,9,2,GPRM9 = 301; LinkPGCN 17,VTS01_LU1_PGC17
VTS01_VOB63_CELL01,VTS01_LU1_PGC16,1,2,2,Shirt,407,111,618,144,1,3,1,3,GPRM9 = 211; LinkPGN 11,VTS01_VOB64_CELL01
VTS01_VOB63_CELL01,VTS01_LU1_PGC16,1,2,3,Weapon,416,146,618,179,2,4,2,4,GPRM9 = 204; LinkPGN 4,VTS01_VOB57_CELL01
VTS01_VOB63_CELL01,VTS01_LU1_PGC16,1,2,4,Activate,402,184,637,219,3,5,3,5,LinkPGCN 14,VTS01_LU1_PGC14
VTS01_VOB63_CELL01,VTS01_LU1_PGC16,1,2,5,Instructions,426,223,648,260,4,6,4,6,LinkPGCN 15,VTS01_LU1_PGC15
VTS01_VOB63_CELL01,VTS01_LU1_PGC16,1,2,6,Play,404,266,617,296,5,7,5,7,LinkPGCN 11,VTS01_LU1_PGC11
VTS01_VOB63_CELL01,VTS01_LU1_PGC16,1,2,7,Scene selection,422,301,632,344,6,8,6,8,Set highlighted button 1; LinkPGCN 5,VTS01_LU1_PGC5
VTS01_VOB63_CELL01,VTS01_LU1_PGC16,1,2,8,Bonus features,426,348,645,389,7,9,7,9,GPRM4 = 1; LinkPGCN 7,VTS01_LU1_PGC7
VTS01_VOB63_CELL01,VTS01_LU1_PGC16,1,2,9,Set up,392,392,619,434,8,1,8,1,Set highlighted button 1; LinkPGCN 2,VTS01_LU1_PGC2
VTS01_VOB64_CELL01,VTS01_LU1_PGC16,1,1,1,Character,410,56,609,109,9,2,9,2,GPRM9 = 301; LinkPGCN 17,VTS01_LU1_PGC17
VTS01_VOB64_CELL01,VTS01_LU1_PGC16,1,1,2,Shirt,407,111,618,144,1,3,1,3,GPRM9 = 212; LinkPGN 12,VTS01_VOB65_CELL01
VTS01_VOB64_CELL01,VTS01_LU1_PGC16,1,1,3,Weapon,403,146,605,179,2,4,2,4,GPRM9 = 205; LinkPGN 5,VTS01_VOB58_CELL01
VTS01_VOB64_CELL01,VTS01_LU1_PGC16,1,1,4,Activate,402,184,637,219,3,5,3,5,LinkTailPGC (button 1),VTS01_LU1_PGC16:TailPGC
VTS01_VOB64_CELL01,VTS01_LU1_PGC16,1,1,5,Instructions,401,223,623,260,4,6,4,6,LinkPGCN 15,VTS01_LU1_PGC15
VTS01_VOB64_CELL01,VTS01_LU1_PGC16,1,1,6,Play,404,266,617,296,5,7,5,7,LinkPGCN 11,VTS01_LU1_PGC11
VTS01_VOB64_CELL01,VTS01_LU1_PGC16,1,1,7,Scene selection,391,300,601,343,6,8,6,8,Set highlighted button 1; LinkPGCN 5,VTS01_LU1_PGC5
VTS01_VOB64_CELL01,VTS01_LU1_PGC16,1,1,8,Bonus features,389,348,608,389,7,9,7,9,GPRM4 = 1; LinkPGCN 7,VTS01_LU1_PGC7
VTS01_VOB64_CELL01,VTS01_LU1_PGC16,1,1,9,Set up,392,392,619,434,8,1,8,1,Set highlighted button 1; LinkPGCN 2,VTS01_LU1_PGC2
VTS01_VOB64_CELL01,VTS01_LU1_PGC16,1,2,1,Character,432,57,631,110,9,2,9,2,GPRM9 = 301; LinkPGCN 17,VTS01_LU1_PGC17
VTS01_VOB64_CELL01,VTS01_LU1_PGC16,1,2,2,Shirt,407,111,618,144,1,3,1,3,GPRM9 = 212; LinkPGN 12,VTS01_VOB65_CELL01
VTS01_VOB64_CELL01,VTS01_LU1_PGC16,1,2,3,Weapon,416,146,618,179,2,4,2,4,GPRM9 = 205; LinkPGN 5,VTS01_VOB58_CELL01
VTS01_VOB64_CELL01,VTS01_LU1_PGC16,1,2,4,Activate,402,184,637,219,3,5,3,5,LinkTailPGC (button 1),VTS01_LU1_PGC16:TailPGC
VTS01_VOB64_CELL01,VTS01_LU1_PGC16,1,2,5,Instructions,426,223,648,260,4,6,4,6,LinkPGCN 15,VTS01_LU1_PGC15
VTS01_VOB64_CELL01,VTS01_LU1_PGC16,1,2,6,Play,404,266,617,296,5,7,5,7,LinkPGCN 11,VTS01_LU1_PGC11
VTS01_VOB64_CELL01,VTS01_LU1_PGC16,1,2,7,Scene selection,422,301,632,344,6,8,6,8,Set highlighted button 1; LinkPGCN 5,VTS01_LU1_PGC5
VTS01_VOB64_CELL01,VTS01_LU1_PGC16,1,2,8,Bonus features,426,348,645,389,7,9,7,9,GPRM4 = 1; LinkPGCN 7,VTS01_LU1_PGC7
VTS01_VOB64_CELL01,VTS01_LU1_PGC16,1,2,9,Set up,392,392,619,434,8,1,8,1,Set highlighted button 1; LinkPGCN 2,VTS01_LU1_PGC2
VTS01_VOB65_CELL01,VTS01_LU1_PGC16,1,1,1,Character,410,56,609,109,9,2,9,2,GPRM9 = 301; LinkPGCN 17,VTS01_LU1_PGC17
VTS01_VOB65_CELL01,VTS01_LU1_PGC16,1,1,2,Shirt,407,111,618,144,1,3,1,3,GPRM9 = 210; LinkPGN 10,VTS01_VOB63_CELL01
VTS01_VOB65_CELL01,VTS01_LU1_PGC16,1,1,3,Weapon,403,146,605,179,2,4,2,4,GPRM9 = 206; LinkPGN 6,VTS01_VOB59_CELL01
VTS01_VOB65_CELL01,VTS01_LU1_PGC16,1,1,4,Activate,402,184,637,219,3,5,3,5,LinkPGCN 14,VTS01_LU1_PGC14
VTS01_VOB65_CELL01,VTS01_LU1_PGC16,1,1,5,Instructions,401,223,623,260,4,6,4,6,LinkPGCN 15,VTS01_LU1_PGC15
VTS01_VOB65_CELL01,VTS01_LU1_PGC16,1,1,6,Play,404,266,617,296,5,7,5,7,LinkPGCN 11,VTS01_LU1_PGC11
VTS01_VOB65_CELL01,VTS01_LU1_PGC16,1,1,7,Scene selection,391,300,601,343,6,8,6,8,Set highlighted button 1; LinkPGCN 5,VTS01_LU1_PGC5
VTS01_VOB65_CELL01,VTS01_LU1_PGC16,1,1,8,Bonus features,389,348,608,389,7,9,7,9,GPRM4 = 1; LinkPGCN 7,VTS01_LU1_PGC7
VTS01_VOB65_CELL01,VTS01_LU1_PGC16,1,1,9,Set up,392,392,619,434,8,1,8,1,Set highlighted button 1; LinkPGCN 2,VTS01_LU1_PGC2
VTS01_VOB65_CELL01,VTS01_LU1_PGC16,1,2,1,Character,432,57,631,110,9,2,9,2,GPRM9 = 301; LinkPGCN 17,VTS01_LU1_PGC17
VTS01_VOB65_CELL01,VTS01_LU1_PGC16,1,2,2,Shirt,407,111,618,144,1,3,1,3,GPRM9 = 210; LinkPGN 10,VTS01_VOB63_CELL01
VTS01_VOB65_CELL01,VTS01_LU1_PGC16,1,2,3,Weapon,416,146,618,179,2,4,2,4,GPRM9 = 206; LinkPGN 6,VTS01_VOB59_CELL01
VTS01_VOB65_CELL01,VTS01_LU1_PGC16,1,2,4,Activate,402,184,637,219,3,5,3,5,LinkPGCN 14,VTS01_LU1_PGC14
VTS01_VOB65_CELL01,VTS01_LU1_PGC16,1,2,5,Instructions,426,223,648,260,4,6,4,6,LinkPGCN 15,VTS01_LU1_PGC15
VTS01_VOB65_CELL01,VTS01_LU1_PGC16,1,2,6,Play,404,266,617,296,5,7,5,7,LinkPGCN 11,VTS01_LU1_PGC11
VTS01_VOB65_CELL01,VTS01_LU1_PGC16,1,2,7,Scene selection,422,301,632,344,6,8,6,8,Set highlighted button 1; LinkPGCN 5,VTS01_LU1_PGC5
VTS01_VOB65_CELL01,VTS01_LU1_PGC16,1,2,8,Bonus features,426,348,645,389,7,9,7,9,GPRM4 = 1; LinkPGCN 7,VTS01_LU1_PGC7
VTS01_VOB65_CELL01,VTS01_LU1_PGC16,1,2,9,Set up,392,392,619,434,8,1,8,1,Set highlighted button 1; LinkPGCN 2,VTS01_LU1_PGC2
VTS01_VOB66_CELL01,VTS01_LU1_PGC17,1,1,1,Character,410,56,609,109,9,2,9,2,GPRM9 = 101; LinkPGCN 13,VTS01_LU1_PGC13
VTS01_VOB66_CELL01,VTS01_LU1_PGC17,1,1,2,Shirt,407,111,618,144,1,3,1,3,GPRM9 = 302; LinkPGN 2,VTS01_VOB67_CELL01
VTS01_VOB66_CELL01,VTS01_LU1_PGC17,1,1,3,Weapon,403,146,605,179,2,4,2,4,GPRM9 = 304; LinkPGN 4,VTS01_VOB69_CELL01
VTS01_VOB66_CELL01,VTS01_LU1_PGC17,1,1,4,Activate,402,184,637,219,3,5,3,5,LinkPGCN 14,VTS01_LU1_PGC14
VTS01_VOB66_CELL01,VTS01_LU1_PGC17,1,1,5,Instructions,401,223,623,260,4,6,4,6,LinkPGCN 15,VTS01_LU1_PGC15
VTS01_VOB66_CELL01,VTS01_LU1_PGC17,1,1,6,Play,404,266,617,296,5,7,5,7,LinkPGCN 11,VTS01_LU1_PGC11
VTS01_VOB66_CELL01,VTS01_LU1_PGC17,1,1,7,Scene selection,391,300,601,343,6,8,6,8,Set highlighted button 1; LinkPGCN 5,VTS01_LU1_PGC5
VTS01_VOB66_CELL01,VTS01_LU1_PGC17,1,1,8,Bonus features,389,348,608,389,7,9,7,9,GPRM4 = 1; LinkPGCN 7,VTS01_LU1_PGC7
VTS01_VOB66_CELL01,VTS01_LU1_PGC17,1,1,9,Set up,392,392,619,434,8,1,8,1,Set highlighted button 1; LinkPGCN 2,VTS01_LU1_PGC2
VTS01_VOB66_CELL01,VTS01_LU1_PGC17,1,2,1,Character,432,57,631,110,9,2,9,2,GPRM9 = 101; LinkPGCN 13,VTS01_LU1_PGC13
VTS01_VOB66_CELL01,VTS01_LU1_PGC17,1,2,2,Shirt,407,111,618,144,1,3,1,3,GPRM9 = 302; LinkPGN 2,VTS01_VOB67_CELL01
VTS01_VOB66_CELL01,VTS01_LU1_PGC17,1,2,3,Weapon,416,146,618,179,2,4,2,4,GPRM9 = 304; LinkPGN 4,VTS01_VOB69_CELL01
VTS01_VOB66_CELL01,VTS01_LU1_PGC17,1,2,4,Activate,402,184,637,219,3,5,3,5,LinkPGCN 14,VTS01_LU1_PGC14
VTS01_VOB66_CELL01,VTS01_LU1_PGC17,1,2,5,Instructions,426,223,648,260,4,6,4,6,LinkPGCN 15,VTS01_LU1_PGC15
VTS01_VOB66_CELL01,VTS01_LU1_PGC17,1,2,6,Play,404,266,617,296,5,7,5,7,LinkPGCN 11,VTS01_LU1_PGC11
VTS01_VOB66_CELL01,VTS01_LU1_PGC17,1,2,7,Scene selection,422,301,632,344,6,8,6,8,Set highlighted button 1; LinkPGCN 5,VTS01_LU1_PGC5
VTS01_VOB66_CELL01,VTS01_LU1_PGC17,1,2,8,Bonus features,426,348,645,389,7,9,7,9,GPRM4 = 1; LinkPGCN 7,VTS01_LU1_PGC7
VTS01_VOB66_CELL01,VTS01_LU1_PGC17,1,2,9,Set up,392,392,619,434,8,1,8,1,Set highlighted button 1; LinkPGCN 2,VTS01_LU1_PGC2
VTS01_VOB67_CELL01,VTS01_LU1_PGC17,1,1,1,Character,410,56,609,109,9,2,9,2,GPRM9 = 101; LinkPGCN 13,VTS01_LU1_PGC13
VTS01_VOB67_CELL01,VTS01_LU1_PGC17,1,1,2,Shirt,407,111,618,144,1,3,1,3,GPRM9 = 303; LinkPGN 3,VTS01_VOB68_CELL01
VTS01_VOB67_CELL01,VTS01_LU1_PGC17,1,1,3,Weapon,403,146,605,179,2,4,2,4,GPRM9 = 305; LinkPGN 5,VTS01_VOB70_CELL01
VTS01_VOB67_CELL01,VTS01_LU1_PGC17,1,1,4,Activate,402,184,637,219,3,5,3,5,LinkPGCN 14,VTS01_LU1_PGC14
VTS01_VOB67_CELL01,VTS01_LU1_PGC17,1,1,5,Instructions,401,223,623,260,4,6,4,6,LinkPGCN 15,VTS01_LU1_PGC15
VTS01_VOB67_CELL01,VTS01_LU1_PGC17,1,1,6,Play,404,266,617,296,5,7,5,7,LinkPGCN 11,VTS01_LU1_PGC11
VTS01_VOB67_CELL01,VTS01_LU1_PGC17,1,1,7,Scene selection,391,300,601,343,6,8,6,8,Set highlighted button 1; LinkPGCN 5,VTS01_LU1_PGC5
VTS01_VOB67_CELL01,VTS01_LU1_PGC17,1,1,8,Bonus features,389,348,608,389,7,9,7,9,GPRM4 = 1; LinkPGCN 7,VTS01_LU1_PGC7
VTS01_VOB67_CELL01,VTS01_LU1_PGC17,1,1,9,Set up,392,392,619,434,8,1,8,1,Set highlighted button 1; LinkPGCN 2,VTS01_LU1_PGC2
VTS01_VOB67_CELL01,VTS01_LU1_PGC17,1,2,1,Character,432,57,631,110,9,2,9,2,GPRM9 = 101; LinkPGCN 13,VTS01_LU1_PGC13
VTS01_VOB67_CELL01,VTS01_LU1_PGC17,1,2,2,Shirt,407,111,618,144,1,3,1,3,GPRM9 = 303; LinkPGN 3,VTS01_VOB68_CELL01
VTS01_VOB67_CELL01,VTS01_LU1_PGC17,1,2,3,Weapon,416,146,618,179,2,4,2,4,GPRM9 = 305; LinkPGN 5,VTS01_VOB70_CELL01
VTS01_VOB67_CELL01,VTS01_LU1_PGC17,1,2,4,Activate,402,184,637,219,3,5,3,5,LinkPGCN 14,VTS01_LU1_PGC14
VTS01_VOB67_CELL01,VTS01_LU1_PGC17,1,2,5,Instructions,426,223,648,260,4,6,4,6,LinkPGCN 15,VTS01_LU1_PGC15
VTS01_VOB67_CELL01,VTS01_LU1_PGC17,1,2,6,Play,404,266,617,296,5,7,5,7,LinkPGCN 11,VTS01_LU1_PGC11
VTS01_VOB67_CELL01,VTS01_LU1_PGC17,1,2,7,Scene selection,422,301,632,344,6,8,6,8,Set highlighted button 1; LinkPGCN 5,VTS01_LU1_PGC5
VTS01_VOB67_CELL01,VTS01_LU1_PGC17,1,2,8,Bonus features,426,348,645,389,7,9,7,9,GPRM4 = 1; LinkPGCN 7,VTS01_LU1_PGC7
VTS01_VOB67_CELL01,VTS01_LU1_PGC17,1,2,9,Set up,392,392,619,434,8,1,8,1,Set highlighted button 1; LinkPGCN 2,VTS01_LU1_PGC2
VTS01_VOB68_CELL01,VTS01_LU1_PGC17,1,1,1,Character,410,56,609,109,9,2,9,2,GPRM9 = 101; LinkPGCN 13,VTS01_LU1_PGC13
VTS01_VOB68_CELL01,VTS01_LU1_PGC17,1,1,2,Shirt,407,111,618,144,1,3,1,3,GPRM9 = 301; LinkPGN 1,VTS01_VOB66_CELL01
VTS01_VOB68_CELL01,VTS01_LU1_PGC17,1,1,3,Weapon,403,146,605,179,2,4,2,4,GPRM9 = 306; LinkPGN 6,VTS01_VOB71_CELL01
VTS01_VOB68_CELL01,VTS01_LU1_PGC17,1,1,4,Activate,402,184,637,219,3,5,3,5,LinkPGCN 14,VTS01_LU1_PGC14
VTS01_VOB68_CELL01,VTS01_LU1_PGC17,1,1,5,Instructions,401,223,623,260,4,6,4,6,LinkPGCN 15,VTS01_LU1_PGC15
VTS01_VOB68_CELL01,VTS01_LU1_PGC17,1,1,6,Play,404,266,617,296,5,7,5,7,LinkPGCN 11,VTS01_LU1_PGC11
VTS01_VOB68_CELL01,VTS01_LU1_PGC17,1,1,7,Scene selection,391,300,601,343,6,8,6,8,Set highlighted button 1; LinkPGCN 5,VTS01_LU1_PGC5
VTS01_VOB68_CELL01,VTS01_LU1_PGC17,1,1,8,Bonus features,389,348,608,389,7,9,7,9,GPRM4 = 1; LinkPGCN 7,VTS01_LU1_PGC7
VTS01_VOB68_CELL01,VTS01_LU1_PGC17,1,1,9,Set up,392,392,619,434,8,1,8,1,Set highlighted button 1; LinkPGCN 2,VTS01_LU1_PGC2
VTS01_VOB68_CELL01,VTS01_LU1_PGC17,1,2,1,Character,432,57,631,110,9,2,9,2,GPRM9 = 101; LinkPGCN 13,VTS01_LU1_PGC13
VTS01_VOB68_CELL01,VTS01_LU1_PGC17,1,2,2,Shirt,407,111,618,144,1,3,1,3,GPRM9 = 301; LinkPGN 1,VTS01_VOB66_CELL01
VTS01_VOB68_CELL01,VTS01_LU1_PGC17,1,2,3,Weapon,416,146,618,179,2,4,2,4,GPRM9 = 306; LinkPGN 6,VTS01_VOB71_CELL01
VTS01_VOB68_CELL01,VTS01_LU1_PGC17,1,2,4,Activate,402,184,637,219,3,5,3,5,LinkPGCN 14,VTS01_LU1_PGC14
VTS01_VOB68_CELL01,VTS01_LU1_PGC17,1,2,5,Instructions,426,223,648,260,4,6,4,6,LinkPGCN 15,VTS01_LU1_PGC15
VTS01_VOB68_CELL01,VTS01_LU1_PGC17,1,2,6,Play,404,266,617,296,5,7,5,7,LinkPGCN 11,VTS01_LU1_PGC11
VTS01_VOB68_CELL01,VTS01_LU1_PGC17,1,2,7,Scene selection,422,301,632,344,6,8,6,8,Set highlighted button 1; LinkPGCN 5,VTS01_LU1_PGC5
VTS01_VOB68_CELL01,VTS01_LU1_PGC17,1,2,8,Bonus features,426,348,645,389,7,9,7,9,GPRM4 = 1; LinkPGCN 7,VTS01_LU1_PGC7
VTS01_VOB68_CELL01,VTS01_LU1_PGC17,1,2,9,Set up,392,392,619,434,8,1,8,1,Set highlighted button 1; LinkPGCN 2,VTS01_LU1_PGC2
VTS01_VOB69_CELL01,VTS01_LU1_PGC17,1,1,1,Character,410,56,609,109,9,2,9,2,GPRM9 = 101; LinkPGCN 13,VTS01_LU1_PGC13
VTS01_VOB69_CELL01,VTS01_LU1_PGC17,1,1,2,Shirt,407,111,618,144,1,3,1,3,GPRM9 = 305; LinkPGN 5,VTS01_VOB70_CELL01
VTS01_VOB69_CELL01,VTS01_LU1_PGC17,1,1,3,Weapon,403,146,605,179,2,4,2,4,GPRM9 = 307; LinkPGN 7,VTS01_VOB72_CELL01
VTS01_VOB69_CELL01,VTS01_LU1_PGC17,1,1,4,Activate,402,184,637,219,3,5,3,5,LinkTailPGC (button 1),VTS01_LU1_PGC17:TailPGC
VTS01_VOB69_CELL01,VTS01_LU1_PGC17,1,1,5,Instructions,401,223,623,260,4,6,4,6,LinkPGCN 15,VTS01_LU1_PGC15
VTS01_VOB69_CELL01,VTS01_LU1_PGC17,1,1,6,Play,404,266,617,296,5,7,5,7,LinkPGCN 11,VTS01_LU1_PGC11
VTS01_VOB69_CELL01,VTS01_LU1_PGC17,1,1,7,Scene selection,391,300,601,343,6,8,6,8,Set highlighted button 1; LinkPGCN 5,VTS01_LU1_PGC5
VTS01_VOB69_CELL01,VTS01_LU1_PGC17,1,1,8,Bonus features,389,348,608,389,7,9,7,9,GPRM4 = 1; LinkPGCN 7,VTS01_LU1_PGC7
VTS01_VOB69_CELL01,VTS01_LU1_PGC17,1,1,9,Set up,392,392,619,434,8,1,8,1,Set highlighted button 1; LinkPGCN 2,VTS01_LU1_PGC2
VTS01_VOB69_CELL01,VTS01_LU1_PGC17,1,2,1,Character,432,57,631,110,9,2,9,2,GPRM9 = 101; LinkPGCN 13,VTS01_LU1_PGC13
VTS01_VOB69_CELL01,VTS01_LU1_PGC17,1,2,2,Shirt,407,111,618,144,1,3,1,3,GPRM9 = 305; LinkPGN 5,VTS01_VOB70_CELL01
VTS01_VOB69_CELL01,VTS01_LU1_PGC17,1,2,3,Weapon,416,146,618,179,2,4,2,4,GPRM9 = 307; LinkPGN 7,VTS01_VOB72_CELL01
VTS01_VOB69_CELL01,VTS01_LU1_PGC17,1,2,4,Activate,402,184,637,219,3,5,3,5,LinkTailPGC (button 1),VTS01_LU1_PGC17:TailPGC
VTS01_VOB69_CELL01,VTS01_LU1_PGC17,1,2,5,Instructions,426,223,648,260,4,6,4,6,LinkPGCN 15,VTS01_LU1_PGC15
VTS01_VOB69_CELL01,VTS01_LU1_PGC17,1,2,6,Play,404,266,617,296,5,7,5,7,LinkPGCN 11,VTS01_LU1_PGC11
VTS01_VOB69_CELL01,VTS01_LU1_PGC17,1,2,7,Scene selection,422,301,632,344,6,8,6,8,Set highlighted button 1; LinkPGCN 5,VTS01_LU1_PGC5
VTS01_VOB69_CELL01,VTS01_LU1_PGC17,1,2,8,Bonus features,426,348,645,389,7,9,7,9,GPRM4 = 1; LinkPGCN 7,VTS01_LU1_PGC7
VTS01_VOB69_CELL01,VTS01_LU1_PGC17,1,2,9,Set up,392,392,619,434,8,1,8,1,Set highlighted button 1; LinkPGCN 2,VTS01_LU1_PGC2
VTS01_VOB70_CELL01,VTS01_LU1_PGC17,1,1,1,Character,410,56,609,109,9,2,9,2,GPRM9 = 101; LinkPGCN 13,VTS01_LU1_PGC13
VTS01_VOB70_CELL01,VTS01_LU1_PGC17,1,1,2,Shirt,407,111,618,144,1,3,1,3,GPRM9 = 306; LinkPGN 6,VTS01_VOB71_CELL01
VTS01_VOB70_CELL01,VTS01_LU1_PGC17,1,1,3,Weapon,403,146,605,179,2,4,2,4,GPRM9 = 308; LinkPGN 8,VTS01_VOB73_CELL01
VTS01_VOB70_CELL01,VTS01_LU1_PGC17,1,1,4,Activate,402,184,637,219,3,5,3,5,LinkPGCN 14,VTS01_LU1_PGC14
VTS01_VOB70_CELL01,VTS01_LU1_PGC17,1,1,5,Instructions,401,223,623,260,4,6,4,6,LinkPGCN 15,VTS01_LU1_PGC15
VTS01_VOB70_CELL01,VTS01_LU1_PGC17,1,1,6,Play,404,266,617,296,5,7,5,7,LinkPGCN 11,VTS01_LU1_PGC11
VTS01_VOB70_CELL01,VTS01_LU1_PGC17,1,1,7,Scene selection,391,300,601,343,6,8,6,8,Set highlighted button 1; LinkPGCN 5,VTS01_LU1_PGC5
VTS01_VOB70_CELL01,VTS01_LU1_PGC17,1,1,8,Bonus features,389,348,608,389,7,9,7,9,GPRM4 = 1; LinkPGCN 7,VTS01_LU1_PGC7
VTS01_VOB70_CELL01,VTS01_LU1_PGC17,1,1,9,Set up,392,392,619,434,8,1,8,1,Set highlighted button 1; LinkPGCN 2,VTS01_LU1_PGC2
VTS01_VOB70_CELL01,VTS01_LU1_PGC17,1,2,1,Character,432,57,631,110,9,2,9,2,GPRM9 = 101; LinkPGCN 13,VTS01_LU1_PGC13
VTS01_VOB70_CELL01,VTS01_LU1_PGC17,1,2,2,Shirt,407,111,618,144,1,3,1,3,GPRM9 = 306; LinkPGN 6,VTS01_VOB71_CELL01
VTS01_VOB70_CELL01,VTS01_LU1_PGC17,1,2,3,Weapon,416,146,618,179,2,4,2,4,GPRM9 = 308; LinkPGN 8,VTS01_VOB73_CELL01
VTS01_VOB70_CELL01,VTS01_LU1_PGC17,1,2,4,Activate,402,184,637,219,3,5,3,5,LinkPGCN 14,VTS01_LU1_PGC14
VTS01_VOB70_CELL01,VTS01_LU1_PGC17,1,2,5,Instructions,426,223,648,260,4,6,4,6,LinkPGCN 15,VTS01_LU1_PGC15
VTS01_VOB70_CELL01,VTS01_LU1_PGC17,1,2,6,Play,404,266,617,296,5,7,5,7,LinkPGCN 11,VTS01_LU1_PGC11
VTS01_VOB70_CELL01,VTS01_LU1_PGC17,1,2,7,Scene selection,422,301,632,344,6,8,6,8,Set highlighted button 1; LinkPGCN 5,VTS01_LU1_PGC5
VTS01_VOB70_CELL01,VTS01_LU1_PGC17,1,2,8,Bonus features,426,348,645,389,7,9,7,9,GPRM4 = 1; LinkPGCN 7,VTS01_LU1_PGC7
VTS01_VOB70_CELL01,VTS01_LU1_PGC17,1,2,9,Set up,392,392,619,434,8,1,8,1,Set highlighted button 1; LinkPGCN 2,VTS01_LU1_PGC2
VTS01_VOB71_CELL01,VTS01_LU1_PGC17,1,1,1,Character,410,56,609,109,9,2,9,2,GPRM9 = 101; LinkPGCN 13,VTS01_LU1_PGC13
VTS01_VOB71_CELL01,VTS01_LU1_PGC17,1,1,2,Shirt,407,111,618,144,1,3,1,3,GPRM9 = 304; LinkPGN 4,VTS01_VOB69_CELL01
VTS01_VOB71_CELL01,VTS01_LU1_PGC17,1,1,3,Weapon,403,146,605,179,2,4,2,4,GPRM9 = 309; LinkPGN 9,VTS01_VOB74_CELL01
VTS01_VOB71_CELL01,VTS01_LU1_PGC17,1,1,4,Activate,402,184,637,219,3,5,3,5,LinkPGCN 14,VTS01_LU1_PGC14
VTS01_VOB71_CELL01,VTS01_LU1_PGC17,1,1,5,Instructions,401,223,623,260,4,6,4,6,LinkPGCN 15,VTS01_LU1_PGC15
VTS01_VOB71_CELL01,VTS01_LU1_PGC17,1,1,6,Play,404,266,617,296,5,7,5,7,LinkPGCN 11,VTS01_LU1_PGC11
VTS01_VOB71_CELL01,VTS01_LU1_PGC17,1,1,7,Scene selection,391,300,601,343,6,8,6,8,Set highlighted button 1; LinkPGCN 5,VTS01_LU1_PGC5
VTS01_VOB71_CELL01,VTS01_LU1_PGC17,1,1,8,Bonus features,389,348,608,389,7,9,7,9,GPRM4 = 1; LinkPGCN 7,VTS01_LU1_PGC7
VTS01_VOB71_CELL01,VTS01_LU1_PGC17,1,1,9,Set up,392,392,619,434,8,1,8,1,Set highlighted button 1; LinkPGCN 2,VTS01_LU1_PGC2
VTS01_VOB71_CELL01,VTS01_LU1_PGC17,1,2,1,Character,432,57,631,110,9,2,9,2,GPRM9 = 101; LinkPGCN 13,VTS01_LU1_PGC13
VTS01_VOB71_CELL01,VTS01_LU1_PGC17,1,2,2,Shirt,407,111,618,144,1,3,1,3,GPRM9 = 304; LinkPGN 4,VTS01_VOB69_CELL01
VTS01_VOB71_CELL01,VTS01_LU1_PGC17,1,2,3,Weapon,416,146,618,179,2,4,2,4,GPRM9 = 309; LinkPGN 9,VTS01_VOB74_CELL01
VTS01_VOB71_CELL01,VTS01_LU1_PGC17,1,2,4,Activate,402,184,637,219,3,5,3,5,LinkPGCN 14,VTS01_LU1_PGC14
VTS01_VOB71_CELL01,VTS01_LU1_PGC17,1,2,5,Instructions,426,223,648,260,4,6,4,6,LinkPGCN 15,VTS01_LU1_PGC15
VTS01_VOB71_CELL01,VTS01_LU1_PGC17,1,2,6,Play,404,266,617,296,5,7,5,7,LinkPGCN 11,VTS01_LU1_PGC11
VTS01_VOB71_CELL01,VTS01_LU1_PGC17,1,2,7,Scene selection,422,301,632,344,6,8,6,8,Set highlighted button 1; LinkPGCN 5,VTS01_LU1_PGC5
VTS01_VOB71_CELL01,VTS01_LU1_PGC17,1,2,8,Bonus features,426,348,645,389,7,9,7,9,GPRM4 = 1; LinkPGCN 7,VTS01_LU1_PGC7
VTS01_VOB71_CELL01,VTS01_LU1_PGC17,1,2,9,Set up,392,392,619,434,8,1,8,1,Set highlighted button 1; LinkPGCN 2,VTS01_LU1_PGC2
VTS01_VOB72_CELL01,VTS01_LU1_PGC17,1,1,1,Character,410,56,609,109,9,2,9,2,GPRM9 = 101; LinkPGCN 13,VTS01_LU1_PGC13
VTS01_VOB72_CELL01,VTS01_LU1_PGC17,1,1,2,Shirt,407,111,618,144,1,3,1,3,GPRM9 = 308; LinkPGN 8,VTS01_VOB73_CELL01
VTS01_VOB72_CELL01,VTS01_LU1_PGC17,1,1,3,Weapon,403,146,605,179,2,4,2,4,GPRM9 = 310; LinkPGN 10,VTS01_VOB75_CELL01
VTS01_VOB72_CELL01,VTS01_LU1_PGC17,1,1,4,Activate,402,184,637,219,3,5,3,5,LinkPGCN 14,VTS01_LU1_PGC14
VTS01_VOB72_CELL01,VTS01_LU1_PGC17,1,1,5,Instructions,401,223,623,260,4,6,4,6,LinkPGCN 15,VTS01_LU1_PGC15
VTS01_VOB72_CELL01,VTS01_LU1_PGC17,1,1,6,Play,404,266,617,296,5,7,5,7,LinkPGCN 11,VTS01_LU1_PGC11
VTS01_VOB72_CELL01,VTS01_LU1_PGC17,1,1,7,Scene selection,391,300,601,343,6,8,6,8,Set highlighted button 1; LinkPGCN 5,VTS01_LU1_PGC5
VTS01_VOB72_CELL01,VTS01_LU1_PGC17,1,1,8,Bonus features,389,348,608,389,7,9,7,9,GPRM4 = 1; LinkPGCN 7,VTS01_LU1_PGC7
VTS01_VOB72_CELL01,VTS01_LU1_PGC17,1,1,9,Set up,392,392,619,434,8,1,8,1,Set highlighted button 1; LinkPGCN 2,VTS01_LU1_PGC2
VTS01_VOB72_CELL01,VTS01_LU1_PGC17,1,2,1,Character,432,57,631,110,9,2,9,2,GPRM9 = 101; LinkPGCN 13,VTS01_LU1_PGC13
VTS01_VOB72_CELL01,VTS01_LU1_PGC17,1,2,2,Shirt,407,111,618,144,1,3,1,3,GPRM9 = 308; LinkPGN 8,VTS01_VOB73_CELL01
VTS01_VOB72_CELL01,VTS01_LU1_PGC17,1,2,3,Weapon,416,146,618,179,2,4,2,4,GPRM9 = 310; LinkPGN 10,VTS01_VOB75_CELL01
VTS01_VOB72_CELL01,VTS01_LU1_PGC17,1,2,4,Activate,402,184,637,219,3,5,3,5,LinkPGCN 14,VTS01_LU1_PGC14
VTS01_VOB72_CELL01,VTS01_LU1_PGC17,1,2,5,Instructions,426,223,648,260,4,6,4,6,LinkPGCN 15,VTS01_LU1_PGC15
VTS01_VOB72_CELL01,VTS01_LU1_PGC17,1,2,6,Play,404,266,617,296,5,7,5,7,LinkPGCN 11,VTS01_LU1_PGC11
VTS01_VOB72_CELL01,VTS01_LU1_PGC17,1,2,7,Scene selection,422,301,632,344,6,8,6,8,Set highlighted button 1; LinkPGCN 5,VTS01_LU1_PGC5
VTS01_VOB72_CELL01,VTS01_LU1_PGC17,1,2,8,Bonus features,426,348,645,389,7,9,7,9,GPRM4 = 1; LinkPGCN 7,VTS01_LU1_PGC7
VTS01_VOB72_CELL01,VTS01_LU1_PGC17,1,2,9,Set up,392,392,619,434,8,1,8,1,Set highlighted button 1; LinkPGCN 2,VTS01_LU1_PGC2
VTS01_VOB73_CELL01,VTS01_LU1_PGC17,1,1,1,Character,410,56,609,109,9,2,9,2,GPRM9 = 101; LinkPGCN 13,VTS01_LU1_PGC13
VTS01_VOB73_CELL01,VTS01_LU1_PGC17,1,1,2,Shirt,407,111,618,144,1,3,1,3,GPRM9 = 309; LinkPGN 9,VTS01_VOB74_CELL01
VTS01_VOB73_CELL01,VTS01_LU1_PGC17,1,1,3,Weapon,403,146,605,179,2,4,2,4,GPRM9 = 311; LinkPGN 11,VTS01_VOB76_CELL01
VTS01_VOB73_CELL01,VTS01_LU1_PGC17,1,1,4,Activate,402,184,637,219,3,5,3,5,LinkPGCN 14,VTS01_LU1_PGC14
VTS01_VOB73_CELL01,VTS01_LU1_PGC17,1,1,5,Instructions,401,223,623,260,4,6,4,6,LinkPGCN 15,VTS01_LU1_PGC15
VTS01_VOB73_CELL01,VTS01_LU1_PGC17,1,1,6,Play,404,266,617,296,5,7,5,7,LinkPGCN 11,VTS01_LU1_PGC11
VTS01_VOB73_CELL01,VTS01_LU1_PGC17,1,1,7,Scene selection,391,300,601,343,6,8,6,8,Set highlighted button 1; LinkPGCN 5,VTS01_LU1_PGC5
VTS01_VOB73_CELL01,VTS01_LU1_PGC17,1,1,8,Bonus features,389,348,608,389,7,9,7,9,GPRM4 = 1; LinkPGCN 7,VTS01_LU1_PGC7
VTS01_VOB73_CELL01,VTS01_LU1_PGC17,1,1,9,Set up,392,392,619,434,8,1,8,1,Set highlighted button 1; LinkPGCN 2,VTS01_LU1_PGC2
VTS01_VOB73_CELL01,VTS01_LU1_PGC17,1,2,1,Character,432,57,631,110,9,2,9,2,GPRM9 = 101; LinkPGCN 13,VTS01_LU1_PGC13
VTS01_VOB73_CELL01,VTS01_LU1_PGC17,1,2,2,Shirt,407,111,618,144,1,3,1,3,GPRM9 = 309; LinkPGN 9,VTS01_VOB74_CELL01
VTS01_VOB73_CELL01,VTS01_LU1_PGC17,1,2,3,Weapon,416,146,618,179,2,4,2,4,GPRM9 = 311; LinkPGN 11,VTS01_VOB76_CELL01
VTS01_VOB73_CELL01,VTS01_LU1_PGC17,1,2,4,Activate,402,184,637,219,3,5,3,5,LinkPGCN 14,VTS01_LU1_PGC14
VTS01_VOB73_CELL01,VTS01_LU1_PGC17,1,2,5,Instructions,426,223,648,260,4,6,4,6,LinkPGCN 15,VTS01_LU1_PGC15
VTS01_VOB73_CELL01,VTS01_LU1_PGC17,1,2,6,Play,404,266,617,296,5,7,5,7,LinkPGCN 11,VTS01_LU1_PGC11
VTS01_VOB73_CELL01,VTS01_LU1_PGC17,1,2,7,Scene selection,422,301,632,344,6,8,6,8,Set highlighted button 1; LinkPGCN 5,VTS01_LU1_PGC5
VTS01_VOB73_CELL01,VTS01_LU1_PGC17,1,2,8,Bonus features,426,348,645,389,7,9,7,9,GPRM4 = 1; LinkPGCN 7,VTS01_LU1_PGC7
VTS01_VOB73_CELL01,VTS01_LU1_PGC17,1,2,9,Set up,392,392,619,434,8,1,8,1,Set highlighted button 1; LinkPGCN 2,VTS01_LU1_PGC2
VTS01_VOB74_CELL01,VTS01_LU1_PGC17,1,1,1,Character,410,56,609,109,9,2,9,2,GPRM9 = 101; LinkPGCN 13,VTS01_LU1_PGC13
VTS01_VOB74_CELL01,VTS01_LU1_PGC17,1,1,2,Shirt,407,111,618,144,1,3,1,3,GPRM9 = 307; LinkPGN 7,VTS01_VOB72_CELL01
VTS01_VOB74_CELL01,VTS01_LU1_PGC17,1,1,3,Weapon,403,146,605,179,2,4,2,4,GPRM9 = 312; LinkPGN 12,VTS01_VOB77_CELL01
VTS01_VOB74_CELL01,VTS01_LU1_PGC17,1,1,4,Activate,402,184,637,219,3,5,3,5,LinkPGCN 14,VTS01_LU1_PGC14
VTS01_VOB74_CELL01,VTS01_LU1_PGC17,1,1,5,Instructions,401,223,623,260,4,6,4,6,LinkPGCN 15,VTS01_LU1_PGC15
VTS01_VOB74_CELL01,VTS01_LU1_PGC17,1,1,6,Play,404,266,617,296,5,7,5,7,LinkPGCN 11,VTS01_LU1_PGC11
VTS01_VOB74_CELL01,VTS01_LU1_PGC17,1,1,7,Scene selection,391,300,601,343,6,8,6,8,Set highlighted button 1; LinkPGCN 5,VTS01_LU1_PGC5
VTS01_VOB74_CELL01,VTS01_LU1_PGC17,1,1,8,Bonus features,389,348,608,389,7,9,7,9,GPRM4 = 1; LinkPGCN 7,VTS01_LU1_PGC7
VTS01_VOB74_CELL01,VTS01_LU1_PGC17,1,1,9,Set up,392,392,619,434,8,1,8,1,Set highlighted button 1; LinkPGCN 2,VTS01_LU1_PGC2
VTS01_VOB74_CELL01,VTS01_LU1_PGC17,1,2,1,Character,432,57,631,110,9,2,9,2,GPRM9 = 101; LinkPGCN 13,VTS01_LU1_PGC13
VTS01_VOB74_CELL01,VTS01_LU1_PGC17,1,2,2,Shirt,407,111,618,144,1,3,1,3,GPRM9 = 307; LinkPGN 7,VTS01_VOB72_CELL01
VTS01_VOB74_CELL01,VTS01_LU1_PGC17,1,2,3,Weapon,416,146,618,179,2,4,2,4,GPRM9 = 312; LinkPGN 12,VTS01_VOB77_CELL01
VTS01_VOB74_CELL01,VTS01_LU1_PGC17,1,2,4,Activate,402,184,637,219,3,5,3,5,LinkPGCN 14,VTS01_LU1_PGC14
VTS01_VOB74_CELL01,VTS01_LU1_PGC17,1,2,5,Instructions,426,223,648,260,4,6,4,6,LinkPGCN 15,VTS01_LU1_PGC15
VTS01_VOB74_CELL01,VTS01_LU1_PGC17,1,2,6,Play,404,266,617,296,5,7,5,7,LinkPGCN 11,VTS01_LU1_PGC11
VTS01_VOB74_CELL01,VTS01_LU1_PGC17,1,2,7,Scene selection,422,301,632,344,6,8,6,8,Set highlighted button 1; LinkPGCN 5,VTS01_LU1_PGC5
VTS01_VOB74_CELL01,VTS01_LU1_PGC17,1,2,8,Bonus features,426,348,645,389,7,9,7,9,GPRM4 = 1; LinkPGCN 7,VTS01_LU1_PGC7
VTS01_VOB74_CELL01,VTS01_LU1_PGC17,1,2,9,Set up,392,392,619,434,8,1,8,1,Set highlighted button 1; LinkPGCN 2,VTS01_LU1_PGC2
VTS01_VOB75_CELL01,VTS01_LU1_PGC17,1,1,1,Character,410,56,609,109,9,2,9,2,GPRM9 = 101; LinkPGCN 13,VTS01_LU1_PGC13
VTS01_VOB75_CELL01,VTS01_LU1_PGC17,1,1,2,Shirt,407,111,618,144,1,3,1,3,GPRM9 = 311; LinkPGN 11,VTS01_VOB76_CELL01
VTS01_VOB75_CELL01,VTS01_LU1_PGC17,1,1,3,Weapon,403,146,605,179,2,4,2,4,GPRM9 = 304; LinkPGN 4,VTS01_VOB69_CELL01
VTS01_VOB75_CELL01,VTS01_LU1_PGC17,1,1,4,Activate,402,184,637,219,3,5,3,5,LinkPGCN 14,VTS01_LU1_PGC14
VTS01_VOB75_CELL01,VTS01_LU1_PGC17,1,1,5,Instructions,401,223,623,260,4,6,4,6,LinkPGCN 15,VTS01_LU1_PGC15
VTS01_VOB75_CELL01,VTS01_LU1_PGC17,1,1,6,Play,404,266,617,296,5,7,5,7,LinkPGCN 11,VTS01_LU1_PGC11
VTS01_VOB75_CELL01,VTS01_LU1_PGC17,1,1,7,Scene selection,391,300,601,343,6,8,6,8,Set highlighted button 1; LinkPGCN 5,VTS01_LU1_PGC5
VTS01_VOB75_CELL01,VTS01_LU1_PGC17,1,1,8,Bonus features,389,348,608,389,7,9,7,9,GPRM4 = 1; LinkPGCN 7,VTS01_LU1_PGC7
VTS01_VOB75_CELL01,VTS01_LU1_PGC17,1,1,9,Set up,392,392,619,434,8,1,8,1,Set highlighted button 1; LinkPGCN 2,VTS01_LU1_PGC2
VTS01_VOB75_CELL01,VTS01_LU1_PGC17,1,2,1,Character,432,57,631,110,9,2,9,2,GPRM9 = 101; LinkPGCN 13,VTS01_LU1_PGC13
VTS01_VOB75_CELL01,VTS01_LU1_PGC17,1,2,2,Shirt,407,111,618,144,1,3,1,3,GPRM9 = 311; LinkPGN 11,VTS01_VOB76_CELL01
VTS01_VOB75_CELL01,VTS01_LU1_PGC17,1,2,3,Weapon,416,146,618,179,2,4,2,4,GPRM9 = 304; LinkPGN 4,VTS01_VOB69_CELL01
VTS01_VOB75_CELL01,VTS01_LU1_PGC17,1,2,4,Activate,402,184,637,219,3,5,3,5,LinkPGCN 14,VTS01_LU1_PGC14
VTS01_VOB75_CELL01,VTS01_LU1_PGC17,1,2,5,Instructions,426,223,648,260,4,6,4,6,LinkPGCN 15,VTS01_LU1_PGC15
VTS01_VOB75_CELL01,VTS01_LU1_PGC17,1,2,6,Play,404,266,617,296,5,7,5,7,LinkPGCN 11,VTS01_LU1_PGC11
VTS01_VOB75_CELL01,VTS01_LU1_PGC17,1,2,7,Scene selection,422,301,632,344,6,8,6,8,Set highlighted button 1; LinkPGCN 5,VTS01_LU1_PGC5
VTS01_VOB75_CELL01,VTS01_LU1_PGC17,1,2,8,Bonus features,426,348,645,389,7,9,7,9,GPRM4 = 1; LinkPGCN 7,VTS01_LU1_PGC7
VTS01_VOB75_CELL01,VTS01_LU1_PGC17,1,2,9,Set up,392,392,619,434,8,1,8,1,Set highlighted button 1; LinkPGCN 2,VTS01_LU1_PGC2
VTS01_VOB76_CELL01,VTS01_LU1_PGC17,1,1,1,Character,410,56,609,109,9,2,9,2,GPRM9 = 101; LinkPGCN 13,VTS01_LU1_PGC13
VTS01_VOB76_CELL01,VTS01_LU1_PGC17,1,1,2,Shirt,407,111,618,144,1,3,1,3,GPRM9 = 312; LinkPGN 12,VTS01_VOB77_CELL01
VTS01_VOB76_CELL01,VTS01_LU1_PGC17,1,1,3,Weapon,403,146,605,179,2,4,2,4,GPRM9 = 305; LinkPGN 5,VTS01_VOB70_CELL01
VTS01_VOB76_CELL01,VTS01_LU1_PGC17,1,1,4,Activate,402,184,637,219,3,5,3,5,LinkPGCN 14,VTS01_LU1_PGC14
VTS01_VOB76_CELL01,VTS01_LU1_PGC17,1,1,5,Instructions,401,223,623,260,4,6,4,6,LinkPGCN 15,VTS01_LU1_PGC15
VTS01_VOB76_CELL01,VTS01_LU1_PGC17,1,1,6,Play,404,266,617,296,5,7,5,7,LinkPGCN 11,VTS01_LU1_PGC11
VTS01_VOB76_CELL01,VTS01_LU1_PGC17,1,1,7,Scene selection,391,300,601,343,6,8,6,8,Set highlighted button 1; LinkPGCN 5,VTS01_LU1_PGC5
VTS01_VOB76_CELL01,VTS01_LU1_PGC17,1,1,8,Bonus features,389,348,608,389,7,9,7,9,GPRM4 = 1; LinkPGCN 7,VTS01_LU1_PGC7
VTS01_VOB76_CELL01,VTS01_LU1_PGC17,1,1,9,Set up,392,392,619,434,8,1,8,1,Set highlighted button 1; LinkPGCN 2,VTS01_LU1_PGC2
VTS01_VOB76_CELL01,VTS01_LU1_PGC17,1,2,1,Character,432,57,631,110,9,2,9,2,GPRM9 = 101; LinkPGCN 13,VTS01_LU1_PGC13
VTS01_VOB76_CELL01,VTS01_LU1_PGC17,1,2,2,Shirt,407,111,618,144,1,3,1,3,GPRM9 = 312; LinkPGN 12,VTS01_VOB77_CELL01
VTS01_VOB76_CELL01,VTS01_LU1_PGC17,1,2,3,Weapon,416,146,618,179,2,4,2,4,GPRM9 = 305; LinkPGN 5,VTS01_VOB70_CELL01
VTS01_VOB76_CELL01,VTS01_LU1_PGC17,1,2,4,Activate,402,184,637,219,3,5,3,5,LinkPGCN 14,VTS01_LU1_PGC14
VTS01_VOB76_CELL01,VTS01_LU1_PGC17,1,2,5,Instructions,426,223,648,260,4,6,4,6,LinkPGCN 15,VTS01_LU1_PGC15
VTS01_VOB76_CELL01,VTS01_LU1_PGC17,1,2,6,Play,404,266,617,296,5,7,5,7,LinkPGCN 11,VTS01_LU1_PGC11
VTS01_VOB76_CELL01,VTS01_LU1_PGC17,1,2,7,Scene selection,422,301,632,344,6,8,6,8,Set highlighted button 1; LinkPGCN 5,VTS01_LU1_PGC5
VTS01_VOB76_CELL01,VTS01_LU1_PGC17,1,2,8,Bonus features,426,348,645,389,7,9,7,9,GPRM4 = 1; LinkPGCN 7,VTS01_LU1_PGC7
VTS01_VOB76_CELL01,VTS01_LU1_PGC17,1,2,9,Set up,392,392,619,434,8,1,8,1,Set highlighted button 1; LinkPGCN 2,VTS01_LU1_PGC2
VTS01_VOB77_CELL01,VTS01_LU1_PGC17,1,1,1,Character,410,56,609,109,9,2,9,2,GPRM9 = 101; LinkPGCN 13,VTS01_LU1_PGC13
VTS01_VOB77_CELL01,VTS01_LU1_PGC17,1,1,2,Shirt,407,111,618,144,1,3,1,3,GPRM9 = 310; LinkPGN 10,VTS01_VOB75_CELL01
VTS01_VOB77_CELL01,VTS01_LU1_PGC17,1,1,3,Weapon,403,146,605,179,2,4,2,4,GPRM9 = 306; LinkPGN 6,VTS01_VOB71_CELL01
VTS01_VOB77_CELL01,VTS01_LU1_PGC17,1,1,4,Activate,402,184,637,219,3,5,3,5,LinkPGCN 14,VTS01_LU1_PGC14
VTS01_VOB77_CELL01,VTS01_LU1_PGC17,1,1,5,Instructions,401,223,623,260,4,6,4,6,LinkPGCN 15,VTS01_LU1_PGC15
VTS01_VOB77_CELL01,VTS01_LU1_PGC17,1,1,6,Play,404,266,617,296,5,7,5,7,LinkPGCN 11,VTS01_LU1_PGC11
VTS01_VOB77_CELL01,VTS01_LU1_PGC17,1,1,7,Scene selection,391,300,601,343,6,8,6,8,Set highlighted button 1; LinkPGCN 5,VTS01_LU1_PGC5
VTS01_VOB77_CELL01,VTS01_LU1_PGC17,1,1,8,Bonus features,389,348,608,389,7,9,7,9,GPRM4 = 1; LinkPGCN 7,VTS01_LU1_PGC7
VTS01_VOB77_CELL01,VTS01_LU1_PGC17,1,1,9,Set up,392,392,619,434,8,1,8,1,Set highlighted button 1; LinkPGCN 2,VTS01_LU1_PGC2
VTS01_VOB77_CELL01,VTS01_LU1_PGC17,1,2,1,Character,432,57,631,110,9,2,9,2,GPRM9 = 101; LinkPGCN 13,VTS01_LU1_PGC13
VTS01_VOB77_CELL01,VTS01_LU1_PGC17,1,2,2,Shirt,407,111,618,144,1,3,1,3,GPRM9 = 310; LinkPGN 10,VTS01_VOB75_CELL01
VTS01_VOB77_CELL01,VTS01_LU1_PGC17,1,2,3,Weapon,416,146,618,179,2,4,2,4,GPRM9 = 306; LinkPGN 6,VTS01_VOB71_CELL01
VTS01_VOB77_CELL01,VTS01_LU1_PGC17,1,2,4,Activate,402,184,637,219,3,5,3,5,LinkPGCN 14,VTS01_LU1_PGC14
VTS01_VOB77_CELL01,VTS01_LU1_PGC17,1,2,5,Instructions,426,223,648,260,4,6,4,6,LinkPGCN 15,VTS01_LU1_PGC15
VTS01_VOB77_CELL01,VTS01_LU1_PGC17,1,2,6,Play,404,266,617,296,5,7,5,7,LinkPGCN 11,VTS01_LU1_PGC11
VTS01_VOB77_CELL01,VTS01_LU1_PGC17,1,2,7,Scene selection,422,301,632,344,6,8,6,8,Set highlighted button 1; LinkPGCN 5,VTS01_LU1_PGC5
VTS01_VOB77_CELL01,VTS01_LU1_PGC17,1,2,8,Bonus features,426,348,645,389,7,9,7,9,GPRM4 = 1; LinkPGCN 7,VTS01_LU1_PGC7
VTS01_VOB77_CELL01,VTS01_LU1_PGC17,1,2,9,Set up,392,392,619,434,8,1,8,1,Set highlighted button 1; LinkPGCN 2,VTS01_LU1_PGC2
